{"loss": 7.240362167358398, "loss_inverse": 6.550548076629639, "loss_alpha": 0.6898139715194702, "num_points": 13104, "_timestamp": 1716268443.4766488, "image_rendersfront": {"_type": "images/separated", "width": 512, "height": 512, "format": "png", "count": 24, "filenames": ["media/images/image_rendersfront_5580000_c9167dff28583e7fc381.png", "media/images/image_rendersfront_5580000_c82e907b28119ff3ea81.png", "media/images/image_rendersfront_5580000_484bebb48ce6b2775819.png", "media/images/image_rendersfront_5580000_0941e7764a8fc9b04b23.png", "media/images/image_rendersfront_5580000_c9167dff28583e7fc381.png", "media/images/image_rendersfront_5580000_f4a12f2e8ba2c84e2d4e.png", "media/images/image_rendersfront_5580000_f9e284bed1fca82be70f.png", "media/images/image_rendersfront_5580000_df92591f45b7ec0aba31.png", "media/images/image_rendersfront_5580000_db02626fc99f78478d2f.png", "media/images/image_rendersfront_5580000_f9f07a83c5bfcd45de0f.png", "media/images/image_rendersfront_5580000_43cf4d5830a4082bc96a.png", "media/images/image_rendersfront_5580000_0e0a47eda83d6ac73138.png", "media/images/image_rendersfront_5580000_b24a1b554ffe30728869.png", "media/images/image_rendersfront_5580000_b9820e47eb905d6330b1.png", "media/images/image_rendersfront_5580000_9f169c785490c548926e.png", "media/images/image_rendersfront_5580000_ce157628643f16ff1fc7.png", "media/images/image_rendersfront_5580000_0941e7764a8fc9b04b23.png", "media/images/image_rendersfront_5580000_274e84790924462b304d.png", "media/images/image_rendersfront_5580000_c9167dff28583e7fc381.png", "media/images/image_rendersfront_5580000_490d3e3e58dc0834166e.png", "media/images/image_rendersfront_5580000_55c97f7ddb03577f85ef.png", "media/images/image_rendersfront_5580000_b9820e47eb905d6330b1.png", "media/images/image_rendersfront_5580000_e7b433aa2f9607164294.png", "media/images/image_rendersfront_5580000_01e1863469c8137dee53.png"]}, "image_rendersfull": {"_type": "images/separated", "width": 512, "height": 512, "format": "png", "count": 24, "filenames": ["media/images/image_rendersfull_5580000_1c19f7fc8d3bb419b368.png", "media/images/image_rendersfull_5580000_f4ec7cb3280443643d2f.png", "media/images/image_rendersfull_5580000_997cc8b690d46f09f508.png", "media/images/image_rendersfull_5580000_a55b324760c55ad7ab97.png", "media/images/image_rendersfull_5580000_1c19f7fc8d3bb419b368.png", "media/images/image_rendersfull_5580000_f1163ec323abaebb556e.png", "media/images/image_rendersfull_5580000_d8286876bb105101e1cb.png", "media/images/image_rendersfull_5580000_cdaf94fcfe1c9ab8dec4.png", "media/images/image_rendersfull_5580000_bc51c15c20e034a305f5.png", "media/images/image_rendersfull_5580000_e0096af15c743fdf036a.png", "media/images/image_rendersfull_5580000_9645013be6db77dbdb01.png", "media/images/image_rendersfull_5580000_3324c4469818e0e87f6e.png", "media/images/image_rendersfull_5580000_2fe0558176bba385944c.png", "media/images/image_rendersfull_5580000_3374caa8b912c4d79937.png", "media/images/image_rendersfull_5580000_b19324f3c266d32c0422.png", "media/images/image_rendersfull_5580000_68c9f0cd094b70c42592.png", "media/images/image_rendersfull_5580000_a55b324760c55ad7ab97.png", "media/images/image_rendersfull_5580000_fae376ab56ca4010ab8c.png", "media/images/image_rendersfull_5580000_1c19f7fc8d3bb419b368.png", "media/images/image_rendersfull_5580000_a5977e544546603c1b9f.png", "media/images/image_rendersfull_5580000_240c2c3bca6eb07028d0.png", "media/images/image_rendersfull_5580000_3374caa8b912c4d79937.png", "media/images/image_rendersfull_5580000_f82115e48d217560369e.png", "media/images/image_rendersfull_5580000_2abaf11dd037b577c7d0.png"]}, "image_inverse": {"_type": "images/separated", "width": 512, "height": 512, "format": "png", "count": 24, "filenames": ["media/images/image_inverse_5580000_469e71b8ce9535f5e2d3.png", "media/images/image_inverse_5580000_681b7b92a8bf57f8064e.png", "media/images/image_inverse_5580000_16eedcdbebba1ac9351f.png", "media/images/image_inverse_5580000_1f4577030e87772f809f.png", "media/images/image_inverse_5580000_1c19f7fc8d3bb419b368.png", "media/images/image_inverse_5580000_f1163ec323abaebb556e.png", "media/images/image_inverse_5580000_d8286876bb105101e1cb.png", "media/images/image_inverse_5580000_cdaf94fcfe1c9ab8dec4.png", "media/images/image_inverse_5580000_bc51c15c20e034a305f5.png", "media/images/image_inverse_5580000_e0096af15c743fdf036a.png", "media/images/image_inverse_5580000_9645013be6db77dbdb01.png", "media/images/image_inverse_5580000_3324c4469818e0e87f6e.png", "media/images/image_inverse_5580000_2fe0558176bba385944c.png", "media/images/image_inverse_5580000_3374caa8b912c4d79937.png", "media/images/image_inverse_5580000_b19324f3c266d32c0422.png", "media/images/image_inverse_5580000_68c9f0cd094b70c42592.png", "media/images/image_inverse_5580000_a55b324760c55ad7ab97.png", "media/images/image_inverse_5580000_fae376ab56ca4010ab8c.png", "media/images/image_inverse_5580000_1c19f7fc8d3bb419b368.png", "media/images/image_inverse_5580000_a5977e544546603c1b9f.png", "media/images/image_inverse_5580000_240c2c3bca6eb07028d0.png", "media/images/image_inverse_5580000_3374caa8b912c4d79937.png", "media/images/image_inverse_5580000_f82115e48d217560369e.png", "media/images/image_inverse_5580000_2abaf11dd037b577c7d0.png"]}, "image_beforeinverse": {"_type": "images/separated", "width": 512, "height": 512, "format": "png", "count": 24, "filenames": ["media/images/image_beforeinverse_5580000_1c19f7fc8d3bb419b368.png", "media/images/image_beforeinverse_5580000_f4ec7cb3280443643d2f.png", "media/images/image_beforeinverse_5580000_997cc8b690d46f09f508.png", "media/images/image_beforeinverse_5580000_a55b324760c55ad7ab97.png", "media/images/image_beforeinverse_5580000_1c19f7fc8d3bb419b368.png", "media/images/image_beforeinverse_5580000_f1163ec323abaebb556e.png", "media/images/image_beforeinverse_5580000_d8286876bb105101e1cb.png", "media/images/image_beforeinverse_5580000_cdaf94fcfe1c9ab8dec4.png", "media/images/image_beforeinverse_5580000_bc51c15c20e034a305f5.png", "media/images/image_beforeinverse_5580000_e0096af15c743fdf036a.png", "media/images/image_beforeinverse_5580000_9645013be6db77dbdb01.png", "media/images/image_beforeinverse_5580000_3324c4469818e0e87f6e.png", "media/images/image_beforeinverse_5580000_2fe0558176bba385944c.png", "media/images/image_beforeinverse_5580000_3374caa8b912c4d79937.png", "media/images/image_beforeinverse_5580000_b19324f3c266d32c0422.png", "media/images/image_beforeinverse_5580000_68c9f0cd094b70c42592.png", "media/images/image_beforeinverse_5580000_a55b324760c55ad7ab97.png", "media/images/image_beforeinverse_5580000_fae376ab56ca4010ab8c.png", "media/images/image_beforeinverse_5580000_1c19f7fc8d3bb419b368.png", "media/images/image_beforeinverse_5580000_a5977e544546603c1b9f.png", "media/images/image_beforeinverse_5580000_240c2c3bca6eb07028d0.png", "media/images/image_beforeinverse_5580000_3374caa8b912c4d79937.png", "media/images/image_beforeinverse_5580000_f82115e48d217560369e.png", "media/images/image_beforeinverse_5580000_2abaf11dd037b577c7d0.png"]}, "_runtime": 41144.73232769966, "_step": 5580132, "_wandb": {"runtime": 41144}}