{"loss": 1.7681554555892944, "loss_inverse": 1.1456859111785889, "loss_alpha": 0.6224695444107056, "num_points": 1407, "_timestamp": 1717385659.5589716, "image_rendersfront": {"_type": "images/separated", "width": 512, "height": 512, "format": "png", "count": 24, "filenames": ["media/images/image_rendersfront_10000_de86b43b19eca2df168c.png", "media/images/image_rendersfront_10000_4ccbe9b5be9486d133fd.png", "media/images/image_rendersfront_10000_1639a5ab3df05d848026.png", "media/images/image_rendersfront_10000_91f537f29c5e29c53faa.png", "media/images/image_rendersfront_10000_fa988501c87c4ff0076e.png", "media/images/image_rendersfront_10000_8d46f2d544ec72f6f7f4.png", "media/images/image_rendersfront_10000_3f2534ecc4d62cb35faf.png", "media/images/image_rendersfront_10000_3f2534ecc4d62cb35faf.png", "media/images/image_rendersfront_10000_6c53feebf07536bae03c.png", "media/images/image_rendersfront_10000_79667274fc8514fb0158.png", "media/images/image_rendersfront_10000_c707ac7c1e59bcd8bb9b.png", "media/images/image_rendersfront_10000_4bac173f45f34dcaf369.png", "media/images/image_rendersfront_10000_cb4faa9ccfaee2dcb20d.png", "media/images/image_rendersfront_10000_62bb3ad6e9c11a240f85.png", "media/images/image_rendersfront_10000_4a6d69e46ec120e7f514.png", "media/images/image_rendersfront_10000_93bf6a18c687f175ad31.png", "media/images/image_rendersfront_10000_22e600b1b18c7171d39b.png", "media/images/image_rendersfront_10000_ae28aabb279d8e3e0eb9.png", "media/images/image_rendersfront_10000_d4625a4b1489a6782be4.png", "media/images/image_rendersfront_10000_6e203f87ba4c3f3ec51f.png", "media/images/image_rendersfront_10000_d4625a4b1489a6782be4.png", "media/images/image_rendersfront_10000_1b50bb6f7bd9f20e4d5d.png", "media/images/image_rendersfront_10000_eab3288843a598ad8700.png", "media/images/image_rendersfront_10000_e080d31b0627dd8d236d.png"]}, "image_rendersfull": {"_type": "images/separated", "width": 512, "height": 512, "format": "png", "count": 24, "filenames": ["media/images/image_rendersfull_10000_757ed2a26f7e17dcd3cf.png", "media/images/image_rendersfull_10000_b7d13471cc5baee45b3c.png", "media/images/image_rendersfull_10000_b75099e51e726c1aa202.png", "media/images/image_rendersfull_10000_699199329a74f38707d7.png", "media/images/image_rendersfull_10000_c71d247994dcdbf2e6c2.png", "media/images/image_rendersfull_10000_07003f01d7ef3365155c.png", "media/images/image_rendersfull_10000_155ba587d07b924bcb5a.png", "media/images/image_rendersfull_10000_155ba587d07b924bcb5a.png", "media/images/image_rendersfull_10000_994f2e00b789e83021fb.png", "media/images/image_rendersfull_10000_7c0c175d897322f4e72f.png", "media/images/image_rendersfull_10000_1fb719eb29dc52c2cf52.png", "media/images/image_rendersfull_10000_8374a0a594b6b03e7f2b.png", "media/images/image_rendersfull_10000_9262776a3127a427df03.png", "media/images/image_rendersfull_10000_03a416f7402af1672655.png", "media/images/image_rendersfull_10000_fb08c20e165ffe0cf5c5.png", "media/images/image_rendersfull_10000_365f6494d7d5f6a85309.png", "media/images/image_rendersfull_10000_e4fc50736b0d0587e88e.png", "media/images/image_rendersfull_10000_9b18287b377438f0ecbf.png", "media/images/image_rendersfull_10000_d12d8560ecebad4e497b.png", "media/images/image_rendersfull_10000_6e31328ec0885caf6a5b.png", "media/images/image_rendersfull_10000_d12d8560ecebad4e497b.png", "media/images/image_rendersfull_10000_0775d9d97d6d3110d725.png", "media/images/image_rendersfull_10000_41b40fbe227c4d28df34.png", "media/images/image_rendersfull_10000_33b64cd664c1b857cb04.png"]}, "image_inverse": {"_type": "images/separated", "width": 512, "height": 512, "format": "png", "count": 24, "filenames": ["media/images/image_inverse_10000_4c16774816e313e4e3c3.png", "media/images/image_inverse_10000_becf0b74e1a5175d4352.png", "media/images/image_inverse_10000_1efc1802fedc05ef8a73.png", "media/images/image_inverse_10000_3086c150f005ccac88ea.png", "media/images/image_inverse_10000_c71d247994dcdbf2e6c2.png", "media/images/image_inverse_10000_07003f01d7ef3365155c.png", "media/images/image_inverse_10000_155ba587d07b924bcb5a.png", "media/images/image_inverse_10000_155ba587d07b924bcb5a.png", "media/images/image_inverse_10000_994f2e00b789e83021fb.png", "media/images/image_inverse_10000_7c0c175d897322f4e72f.png", "media/images/image_inverse_10000_1fb719eb29dc52c2cf52.png", "media/images/image_inverse_10000_8374a0a594b6b03e7f2b.png", "media/images/image_inverse_10000_9262776a3127a427df03.png", "media/images/image_inverse_10000_03a416f7402af1672655.png", "media/images/image_inverse_10000_fb08c20e165ffe0cf5c5.png", "media/images/image_inverse_10000_365f6494d7d5f6a85309.png", "media/images/image_inverse_10000_e4fc50736b0d0587e88e.png", "media/images/image_inverse_10000_9b18287b377438f0ecbf.png", "media/images/image_inverse_10000_d12d8560ecebad4e497b.png", "media/images/image_inverse_10000_6e31328ec0885caf6a5b.png", "media/images/image_inverse_10000_d12d8560ecebad4e497b.png", "media/images/image_inverse_10000_0775d9d97d6d3110d725.png", "media/images/image_inverse_10000_41b40fbe227c4d28df34.png", "media/images/image_inverse_10000_33b64cd664c1b857cb04.png"]}, "image_beforeinverse": {"_type": "images/separated", "width": 512, "height": 512, "format": "png", "count": 24, "filenames": ["media/images/image_beforeinverse_10000_757ed2a26f7e17dcd3cf.png", "media/images/image_beforeinverse_10000_b7d13471cc5baee45b3c.png", "media/images/image_beforeinverse_10000_b75099e51e726c1aa202.png", "media/images/image_beforeinverse_10000_699199329a74f38707d7.png", "media/images/image_beforeinverse_10000_c71d247994dcdbf2e6c2.png", "media/images/image_beforeinverse_10000_07003f01d7ef3365155c.png", "media/images/image_beforeinverse_10000_155ba587d07b924bcb5a.png", "media/images/image_beforeinverse_10000_155ba587d07b924bcb5a.png", "media/images/image_beforeinverse_10000_994f2e00b789e83021fb.png", "media/images/image_beforeinverse_10000_7c0c175d897322f4e72f.png", "media/images/image_beforeinverse_10000_1fb719eb29dc52c2cf52.png", "media/images/image_beforeinverse_10000_8374a0a594b6b03e7f2b.png", "media/images/image_beforeinverse_10000_9262776a3127a427df03.png", "media/images/image_beforeinverse_10000_03a416f7402af1672655.png", "media/images/image_beforeinverse_10000_fb08c20e165ffe0cf5c5.png", "media/images/image_beforeinverse_10000_365f6494d7d5f6a85309.png", "media/images/image_beforeinverse_10000_e4fc50736b0d0587e88e.png", "media/images/image_beforeinverse_10000_9b18287b377438f0ecbf.png", "media/images/image_beforeinverse_10000_d12d8560ecebad4e497b.png", "media/images/image_beforeinverse_10000_6e31328ec0885caf6a5b.png", "media/images/image_beforeinverse_10000_d12d8560ecebad4e497b.png", "media/images/image_beforeinverse_10000_0775d9d97d6d3110d725.png", "media/images/image_beforeinverse_10000_41b40fbe227c4d28df34.png", "media/images/image_beforeinverse_10000_33b64cd664c1b857cb04.png"]}, "_runtime": 104.03809571266174, "_step": 10200, "_wandb": {"runtime": 108}}