{"loss": 1.6720889806747437, "loss_inverse": 1.2300126552581787, "loss_alpha": 0.44207629561424255, "num_points": 31465, "_timestamp": 1717385851.4064972, "image_rendersfront": {"_type": "images/separated", "width": 512, "height": 512, "format": "png", "count": 24, "filenames": ["media/images/image_rendersfront_10200_3c75615bde5b62b531f0.png", "media/images/image_rendersfront_10200_f2d1cb03a35f20007f5c.png", "media/images/image_rendersfront_10200_3e489de98c0c3a37f810.png", "media/images/image_rendersfront_10200_ebacd99f80dcbef79119.png", "media/images/image_rendersfront_10200_e5563ba4c8de2e0082f7.png", "media/images/image_rendersfront_10200_39439bc5538fdd8a3f34.png", "media/images/image_rendersfront_10200_a399ca012205f38b5bee.png", "media/images/image_rendersfront_10200_a399ca012205f38b5bee.png", "media/images/image_rendersfront_10200_35e40d73e39384637ff4.png", "media/images/image_rendersfront_10200_605995ad82ef5b84a971.png", "media/images/image_rendersfront_10200_6de4669721fada28d866.png", "media/images/image_rendersfront_10200_98af33a80bce91b2b936.png", "media/images/image_rendersfront_10200_b065f98e598e0bffab6b.png", "media/images/image_rendersfront_10200_b30ebeacd8722d5c0d73.png", "media/images/image_rendersfront_10200_5e32afee0909c45b2f44.png", "media/images/image_rendersfront_10200_748ab207436c3476b0b4.png", "media/images/image_rendersfront_10200_373f521ff90ef4caac65.png", "media/images/image_rendersfront_10200_4b883764ae3c93c51888.png", "media/images/image_rendersfront_10200_094e5688cc5289fa793d.png", "media/images/image_rendersfront_10200_e1f17a187bdbef37f89c.png", "media/images/image_rendersfront_10200_094e5688cc5289fa793d.png", "media/images/image_rendersfront_10200_5704479c5909dc5e6e49.png", "media/images/image_rendersfront_10200_43c83327069187557900.png", "media/images/image_rendersfront_10200_2da9dc8733b775317972.png"]}, "image_rendersfull": {"_type": "images/separated", "width": 512, "height": 512, "format": "png", "count": 24, "filenames": ["media/images/image_rendersfull_10200_e8995687624c02a8e113.png", "media/images/image_rendersfull_10200_0e6cde5af354cf585a10.png", "media/images/image_rendersfull_10200_46aeb5089fd2f60b7bdc.png", "media/images/image_rendersfull_10200_53b7dd3b0bdf4635d6b9.png", "media/images/image_rendersfull_10200_52f870862c9add78f300.png", "media/images/image_rendersfull_10200_b338228bb10bd13aba60.png", "media/images/image_rendersfull_10200_6b49df41280cea444568.png", "media/images/image_rendersfull_10200_6b49df41280cea444568.png", "media/images/image_rendersfull_10200_64794e364a2e984cdc8c.png", "media/images/image_rendersfull_10200_abcd1371de2df35d8429.png", "media/images/image_rendersfull_10200_69993ae17eaa6d23f93b.png", "media/images/image_rendersfull_10200_ef60f469b029a5ed5a00.png", "media/images/image_rendersfull_10200_2a84626712709c697f57.png", "media/images/image_rendersfull_10200_ac962feba4b124e1f596.png", "media/images/image_rendersfull_10200_0b250390a39da2ec3700.png", "media/images/image_rendersfull_10200_6eaea11167334667b77c.png", "media/images/image_rendersfull_10200_0831aba3961f64731037.png", "media/images/image_rendersfull_10200_a2dc5e22891aaebe4ca6.png", "media/images/image_rendersfull_10200_25769e0ff44946116a67.png", "media/images/image_rendersfull_10200_8e2e7c178689a0ae5446.png", "media/images/image_rendersfull_10200_25769e0ff44946116a67.png", "media/images/image_rendersfull_10200_6a12a6fd277befe3784f.png", "media/images/image_rendersfull_10200_94bf83e622a018b2b99c.png", "media/images/image_rendersfull_10200_e0e34b2d5bfd2827e6b5.png"]}, "image_inverse": {"_type": "images/separated", "width": 512, "height": 512, "format": "png", "count": 24, "filenames": ["media/images/image_inverse_10200_46342e52ed3ee9717e8a.png", "media/images/image_inverse_10200_f9d987b89284ca3ff540.png", "media/images/image_inverse_10200_00c9ca81990249bfaf48.png", "media/images/image_inverse_10200_3c16b1519f6c1bab3593.png", "media/images/image_inverse_10200_05970a3d276e55db9c2f.png", "media/images/image_inverse_10200_a91d2faef1cd43858724.png", "media/images/image_inverse_10200_a1e2d63f68389eb6d075.png", "media/images/image_inverse_10200_a1e2d63f68389eb6d075.png", "media/images/image_inverse_10200_949608ab905c0af8c3ff.png", "media/images/image_inverse_10200_0b693495b1a9301e276e.png", "media/images/image_inverse_10200_e3cfafe417aada959c4f.png", "media/images/image_inverse_10200_6664fe2f2dc11ded16d6.png", "media/images/image_inverse_10200_206f2eaaac87e14d5bba.png", "media/images/image_inverse_10200_83d7f0ee2782ade14e6a.png", "media/images/image_inverse_10200_47aef5c409fe80828958.png", "media/images/image_inverse_10200_271745c2bcf09dfd6d53.png", "media/images/image_inverse_10200_2b37acb3b95ee1e3d86c.png", "media/images/image_inverse_10200_f47b28f6c8804f612fae.png", "media/images/image_inverse_10200_14d27af4604d110123a8.png", "media/images/image_inverse_10200_90ab6ccf2a4ee2d8050e.png", "media/images/image_inverse_10200_14d27af4604d110123a8.png", "media/images/image_inverse_10200_1a1b95648613845d89fc.png", "media/images/image_inverse_10200_719ed4af4a55444ba3bd.png", "media/images/image_inverse_10200_d1fca1d09eb4cabbca27.png"]}, "image_beforeinverse": {"_type": "images/separated", "width": 512, "height": 512, "format": "png", "count": 24, "filenames": ["media/images/image_beforeinverse_10200_aea32af6b8c408f92f71.png", "media/images/image_beforeinverse_10200_d130e9e4ee603ca09a22.png", "media/images/image_beforeinverse_10200_a2e9b10f91cb08766e23.png", "media/images/image_beforeinverse_10200_30a3e77730c2c246727c.png", "media/images/image_beforeinverse_10200_05970a3d276e55db9c2f.png", "media/images/image_beforeinverse_10200_a91d2faef1cd43858724.png", "media/images/image_beforeinverse_10200_a1e2d63f68389eb6d075.png", "media/images/image_beforeinverse_10200_a1e2d63f68389eb6d075.png", "media/images/image_beforeinverse_10200_949608ab905c0af8c3ff.png", "media/images/image_beforeinverse_10200_0b693495b1a9301e276e.png", "media/images/image_beforeinverse_10200_e3cfafe417aada959c4f.png", "media/images/image_beforeinverse_10200_6664fe2f2dc11ded16d6.png", "media/images/image_beforeinverse_10200_206f2eaaac87e14d5bba.png", "media/images/image_beforeinverse_10200_83d7f0ee2782ade14e6a.png", "media/images/image_beforeinverse_10200_47aef5c409fe80828958.png", "media/images/image_beforeinverse_10200_271745c2bcf09dfd6d53.png", "media/images/image_beforeinverse_10200_2b37acb3b95ee1e3d86c.png", "media/images/image_beforeinverse_10200_f47b28f6c8804f612fae.png", "media/images/image_beforeinverse_10200_14d27af4604d110123a8.png", "media/images/image_beforeinverse_10200_90ab6ccf2a4ee2d8050e.png", "media/images/image_beforeinverse_10200_14d27af4604d110123a8.png", "media/images/image_beforeinverse_10200_1a1b95648613845d89fc.png", "media/images/image_beforeinverse_10200_719ed4af4a55444ba3bd.png", "media/images/image_beforeinverse_10200_d1fca1d09eb4cabbca27.png"]}, "_runtime": 160.0501401424408, "_step": 10218, "_wandb": {"runtime": 160}}