{"loss": 1.0555534362792969, "loss_inverse": 0.780630886554718, "loss_alpha": 0.27492254972457886, "num_points": 1407, "_timestamp": 1717385540.2662156, "image_rendersfront": {"_type": "images/separated", "width": 512, "height": 512, "format": "png", "count": 24, "filenames": ["media/images/image_rendersfront_110000_d0ff2ac36c77deadc166.png", "media/images/image_rendersfront_110000_3dcb181dcd9b06a4ec5e.png", "media/images/image_rendersfront_110000_c688c3f6364c29203403.png", "media/images/image_rendersfront_110000_05bb2d73ab027bb5c529.png", "media/images/image_rendersfront_110000_c8ded007367470e5390c.png", "media/images/image_rendersfront_110000_667d81fc1264c0c58c3d.png", "media/images/image_rendersfront_110000_ddc4111d3bc57428cfd0.png", "media/images/image_rendersfront_110000_9dddfe7c1d3d808062dd.png", "media/images/image_rendersfront_110000_7790894cbb8a08a15c3c.png", "media/images/image_rendersfront_110000_984e9e940cab08715600.png", "media/images/image_rendersfront_110000_01694c5eaf16ecbe7878.png", "media/images/image_rendersfront_110000_ecfef377a7b08207cf76.png", "media/images/image_rendersfront_110000_1751fc1f1bd24939afdb.png", "media/images/image_rendersfront_110000_c8ded007367470e5390c.png", "media/images/image_rendersfront_110000_cf68dda5c226712053b3.png", "media/images/image_rendersfront_110000_4e74839ebfb476bb37cf.png", "media/images/image_rendersfront_110000_c688c3f6364c29203403.png", "media/images/image_rendersfront_110000_b1e910de851a4cb7d231.png", "media/images/image_rendersfront_110000_acf1e909382b0889833b.png", "media/images/image_rendersfront_110000_ca89594ef8618e976e4b.png", "media/images/image_rendersfront_110000_ccd3aa2b14a6b4669000.png", "media/images/image_rendersfront_110000_725942f9feb226fe83f2.png", "media/images/image_rendersfront_110000_7ebe112d670595426ffa.png", "media/images/image_rendersfront_110000_79c8db4b22be1b115373.png"]}, "image_rendersfull": {"_type": "images/separated", "width": 512, "height": 512, "format": "png", "count": 24, "filenames": ["media/images/image_rendersfull_110000_5c8e73f870d48f1c6430.png", "media/images/image_rendersfull_110000_92969bfdb8d923a19033.png", "media/images/image_rendersfull_110000_a31507c8894990093404.png", "media/images/image_rendersfull_110000_b61843ab3e635b023a49.png", "media/images/image_rendersfull_110000_8fe75546efa3338bec96.png", "media/images/image_rendersfull_110000_7a11dd73488e0c3091d2.png", "media/images/image_rendersfull_110000_c6cf7d5a26a9adb4ad51.png", "media/images/image_rendersfull_110000_36424417124e9901281e.png", "media/images/image_rendersfull_110000_e40d53849010ba660a4b.png", "media/images/image_rendersfull_110000_8d6b7a65da12091824ec.png", "media/images/image_rendersfull_110000_b41ab37d3265ab76cbce.png", "media/images/image_rendersfull_110000_81e93a5156af54ed4c2d.png", "media/images/image_rendersfull_110000_0b11d29b573ec01138d6.png", "media/images/image_rendersfull_110000_8fe75546efa3338bec96.png", "media/images/image_rendersfull_110000_44caec343e8b7c7e7fd9.png", "media/images/image_rendersfull_110000_58bf2538f54b64ea6d0c.png", "media/images/image_rendersfull_110000_a31507c8894990093404.png", "media/images/image_rendersfull_110000_03a8b8abc12799ea73b8.png", "media/images/image_rendersfull_110000_b6cb451744859df2afe1.png", "media/images/image_rendersfull_110000_22ea8a30d5f03444d572.png", "media/images/image_rendersfull_110000_16bc60ef7b78168bcd74.png", "media/images/image_rendersfull_110000_4546c49fd493bcbfbaa2.png", "media/images/image_rendersfull_110000_06d4a5e17830b01fbbc9.png", "media/images/image_rendersfull_110000_39218213a6adcde50134.png"]}, "image_inverse": {"_type": "images/separated", "width": 512, "height": 512, "format": "png", "count": 24, "filenames": ["media/images/image_inverse_110000_a323a9be9ee466892f63.png", "media/images/image_inverse_110000_3d0a885b31416c8359e8.png", "media/images/image_inverse_110000_b0819a79160844cdeb0b.png", "media/images/image_inverse_110000_6916dd0bedfd17b0a487.png", "media/images/image_inverse_110000_8fe75546efa3338bec96.png", "media/images/image_inverse_110000_7a11dd73488e0c3091d2.png", "media/images/image_inverse_110000_c6cf7d5a26a9adb4ad51.png", "media/images/image_inverse_110000_36424417124e9901281e.png", "media/images/image_inverse_110000_e40d53849010ba660a4b.png", "media/images/image_inverse_110000_8d6b7a65da12091824ec.png", "media/images/image_inverse_110000_b41ab37d3265ab76cbce.png", "media/images/image_inverse_110000_81e93a5156af54ed4c2d.png", "media/images/image_inverse_110000_0b11d29b573ec01138d6.png", "media/images/image_inverse_110000_8fe75546efa3338bec96.png", "media/images/image_inverse_110000_44caec343e8b7c7e7fd9.png", "media/images/image_inverse_110000_58bf2538f54b64ea6d0c.png", "media/images/image_inverse_110000_a31507c8894990093404.png", "media/images/image_inverse_110000_03a8b8abc12799ea73b8.png", "media/images/image_inverse_110000_b6cb451744859df2afe1.png", "media/images/image_inverse_110000_22ea8a30d5f03444d572.png", "media/images/image_inverse_110000_16bc60ef7b78168bcd74.png", "media/images/image_inverse_110000_4546c49fd493bcbfbaa2.png", "media/images/image_inverse_110000_06d4a5e17830b01fbbc9.png", "media/images/image_inverse_110000_39218213a6adcde50134.png"]}, "image_beforeinverse": {"_type": "images/separated", "width": 512, "height": 512, "format": "png", "count": 24, "filenames": ["media/images/image_beforeinverse_110000_5c8e73f870d48f1c6430.png", "media/images/image_beforeinverse_110000_92969bfdb8d923a19033.png", "media/images/image_beforeinverse_110000_a31507c8894990093404.png", "media/images/image_beforeinverse_110000_b61843ab3e635b023a49.png", "media/images/image_beforeinverse_110000_8fe75546efa3338bec96.png", "media/images/image_beforeinverse_110000_7a11dd73488e0c3091d2.png", "media/images/image_beforeinverse_110000_c6cf7d5a26a9adb4ad51.png", "media/images/image_beforeinverse_110000_36424417124e9901281e.png", "media/images/image_beforeinverse_110000_e40d53849010ba660a4b.png", "media/images/image_beforeinverse_110000_8d6b7a65da12091824ec.png", "media/images/image_beforeinverse_110000_b41ab37d3265ab76cbce.png", "media/images/image_beforeinverse_110000_81e93a5156af54ed4c2d.png", "media/images/image_beforeinverse_110000_0b11d29b573ec01138d6.png", "media/images/image_beforeinverse_110000_8fe75546efa3338bec96.png", "media/images/image_beforeinverse_110000_44caec343e8b7c7e7fd9.png", "media/images/image_beforeinverse_110000_58bf2538f54b64ea6d0c.png", "media/images/image_beforeinverse_110000_a31507c8894990093404.png", "media/images/image_beforeinverse_110000_03a8b8abc12799ea73b8.png", "media/images/image_beforeinverse_110000_b6cb451744859df2afe1.png", "media/images/image_beforeinverse_110000_22ea8a30d5f03444d572.png", "media/images/image_beforeinverse_110000_16bc60ef7b78168bcd74.png", "media/images/image_beforeinverse_110000_4546c49fd493bcbfbaa2.png", "media/images/image_beforeinverse_110000_06d4a5e17830b01fbbc9.png", "media/images/image_beforeinverse_110000_39218213a6adcde50134.png"]}, "_runtime": 700.0534646511078, "_step": 110191, "_wandb": {"runtime": 699}}