{"loss": 0.5921286344528198, "loss_inverse": 0.5746551156044006, "loss_alpha": 0.017473526298999786, "num_points": 1407, "_timestamp": 1717383992.0532842, "image_rendersfront": {"_type": "images/separated", "width": 512, "height": 512, "format": "png", "count": 24, "filenames": ["media/images/image_rendersfront_40200_a114d1890bc64a732bb2.png", "media/images/image_rendersfront_40200_97cd401b547cd556be7f.png", "media/images/image_rendersfront_40200_acec5e7b7628f1b2c026.png", "media/images/image_rendersfront_40200_7d19df7a26e88b42123a.png", "media/images/image_rendersfront_40200_7dc0737e7c1cb717e803.png", "media/images/image_rendersfront_40200_bb5d9e51451bc89c56cb.png", "media/images/image_rendersfront_40200_403f93cd01e280040bdb.png", "media/images/image_rendersfront_40200_463f01e32d4ffe09969a.png", "media/images/image_rendersfront_40200_c7530b875422d40d2e77.png", "media/images/image_rendersfront_40200_109f3388c1440a3b65e5.png", "media/images/image_rendersfront_40200_ef765ac098fbc13f056d.png", "media/images/image_rendersfront_40200_0044ed416a912a4ad961.png", "media/images/image_rendersfront_40200_bb45ac74a9f87eb9a97c.png", "media/images/image_rendersfront_40200_c6928549010b05cb099f.png", "media/images/image_rendersfront_40200_c7530b875422d40d2e77.png", "media/images/image_rendersfront_40200_e6a0432ab3da0733f7cb.png", "media/images/image_rendersfront_40200_d4447d79da2d18070420.png", "media/images/image_rendersfront_40200_88ba3688e5f2b3e8ba40.png", "media/images/image_rendersfront_40200_f1f4739143a68bcc75da.png", "media/images/image_rendersfront_40200_16a8a58dfea3b83e9d51.png", "media/images/image_rendersfront_40200_438a6bc8c5dd9cfb75d8.png", "media/images/image_rendersfront_40200_97cd401b547cd556be7f.png", "media/images/image_rendersfront_40200_55fa858d65e0592ecbd8.png", "media/images/image_rendersfront_40200_810972a6c846f4464c37.png"]}, "image_rendersfull": {"_type": "images/separated", "width": 512, "height": 512, "format": "png", "count": 24, "filenames": ["media/images/image_rendersfull_40200_cd7331471c7ebce3352c.png", "media/images/image_rendersfull_40200_4e03af02e3e55c8a21ca.png", "media/images/image_rendersfull_40200_6fefcf1edd939df07141.png", "media/images/image_rendersfull_40200_7d2a1a6469b822734dd9.png", "media/images/image_rendersfull_40200_f68b3b747fa4742363fa.png", "media/images/image_rendersfull_40200_d6374c5fc0855dc6cfc6.png", "media/images/image_rendersfull_40200_e0ad9948bc404aca8185.png", "media/images/image_rendersfull_40200_75be2e9c0d4edbf41f15.png", "media/images/image_rendersfull_40200_9d8898b25f47ad2e5728.png", "media/images/image_rendersfull_40200_c7bf56901202159ff222.png", "media/images/image_rendersfull_40200_e1e42c82c1d821c075d0.png", "media/images/image_rendersfull_40200_67526051780334c2c98e.png", "media/images/image_rendersfull_40200_254609d9100512ee76d2.png", "media/images/image_rendersfull_40200_46483b2e774c65dc8057.png", "media/images/image_rendersfull_40200_9d8898b25f47ad2e5728.png", "media/images/image_rendersfull_40200_cace3c103b42d887a1dc.png", "media/images/image_rendersfull_40200_8bb1254fc1713b468b09.png", "media/images/image_rendersfull_40200_ea1be6045953e7304c29.png", "media/images/image_rendersfull_40200_6f58750d1e44aece2ab8.png", "media/images/image_rendersfull_40200_6ed4dd11cc146841b4b9.png", "media/images/image_rendersfull_40200_4f0972a8edb13de3160e.png", "media/images/image_rendersfull_40200_4e03af02e3e55c8a21ca.png", "media/images/image_rendersfull_40200_140254a32e15253f0891.png", "media/images/image_rendersfull_40200_b0f8e04ed0b205b05a24.png"]}, "image_inverse": {"_type": "images/separated", "width": 512, "height": 512, "format": "png", "count": 24, "filenames": ["media/images/image_inverse_40200_03819036e8bfb938e7fb.png", "media/images/image_inverse_40200_6d0ce6a77c7e254d3e34.png", "media/images/image_inverse_40200_9a6dd9c7665fbf132f3f.png", "media/images/image_inverse_40200_abbe0be8cbd2bba77ea9.png", "media/images/image_inverse_40200_3ac8e09f2c94b97cb92b.png", "media/images/image_inverse_40200_b972f3984d4384f077a2.png", "media/images/image_inverse_40200_1c1c18658725163dd046.png", "media/images/image_inverse_40200_607b3cc3520afcb896ae.png", "media/images/image_inverse_40200_46888f78d32603168ea3.png", "media/images/image_inverse_40200_66bba35f39d271a50a6a.png", "media/images/image_inverse_40200_895b44dc3777f8b20cbd.png", "media/images/image_inverse_40200_ad07304146610e6895e2.png", "media/images/image_inverse_40200_eb11330da1eb1cdd7044.png", "media/images/image_inverse_40200_8d5975254325c1ea2243.png", "media/images/image_inverse_40200_46888f78d32603168ea3.png", "media/images/image_inverse_40200_8ac3a1778d78bc6fed41.png", "media/images/image_inverse_40200_45df015f3d3f8f21f803.png", "media/images/image_inverse_40200_df73a6b823631606e406.png", "media/images/image_inverse_40200_9c52c0023ea669bd526c.png", "media/images/image_inverse_40200_7df02d4957e5e0c4d0f8.png", "media/images/image_inverse_40200_1eb9b47d20001220f714.png", "media/images/image_inverse_40200_bdd4f505f171f48c4f29.png", "media/images/image_inverse_40200_49f6251d44208bd09faa.png", "media/images/image_inverse_40200_b446c1d384094b09eb49.png"]}, "image_beforeinverse": {"_type": "images/separated", "width": 512, "height": 512, "format": "png", "count": 24, "filenames": ["media/images/image_beforeinverse_40200_032720e7e9686717c25b.png", "media/images/image_beforeinverse_40200_bdd4f505f171f48c4f29.png", "media/images/image_beforeinverse_40200_ee45723450824e56ff18.png", "media/images/image_beforeinverse_40200_b92767c077f6ae0361b5.png", "media/images/image_beforeinverse_40200_3ac8e09f2c94b97cb92b.png", "media/images/image_beforeinverse_40200_b972f3984d4384f077a2.png", "media/images/image_beforeinverse_40200_1c1c18658725163dd046.png", "media/images/image_beforeinverse_40200_607b3cc3520afcb896ae.png", "media/images/image_beforeinverse_40200_46888f78d32603168ea3.png", "media/images/image_beforeinverse_40200_66bba35f39d271a50a6a.png", "media/images/image_beforeinverse_40200_895b44dc3777f8b20cbd.png", "media/images/image_beforeinverse_40200_ad07304146610e6895e2.png", "media/images/image_beforeinverse_40200_eb11330da1eb1cdd7044.png", "media/images/image_beforeinverse_40200_8d5975254325c1ea2243.png", "media/images/image_beforeinverse_40200_46888f78d32603168ea3.png", "media/images/image_beforeinverse_40200_8ac3a1778d78bc6fed41.png", "media/images/image_beforeinverse_40200_45df015f3d3f8f21f803.png", "media/images/image_beforeinverse_40200_df73a6b823631606e406.png", "media/images/image_beforeinverse_40200_9c52c0023ea669bd526c.png", "media/images/image_beforeinverse_40200_7df02d4957e5e0c4d0f8.png", "media/images/image_beforeinverse_40200_1eb9b47d20001220f714.png", "media/images/image_beforeinverse_40200_bdd4f505f171f48c4f29.png", "media/images/image_beforeinverse_40200_49f6251d44208bd09faa.png", "media/images/image_beforeinverse_40200_b446c1d384094b09eb49.png"]}, "_runtime": 293.10441613197327, "_step": 40360, "_wandb": {"runtime": 292}}