{"loss": 1.0329337120056152, "loss_inverse": 0.9833145141601562, "loss_alpha": 0.04961923509836197, "num_points": 8029, "_timestamp": 1717386322.5470212, "image_rendersfront": {"_type": "images/separated", "width": 512, "height": 512, "format": "png", "count": 24, "filenames": ["media/images/image_rendersfront_60400_7f536b10aaa4ca3a1f44.png", "media/images/image_rendersfront_60400_ca33033e0cc1dfcc705b.png", "media/images/image_rendersfront_60400_a7cfb99ef1c4949fef35.png", "media/images/image_rendersfront_60400_7396e0ac24820275036f.png", "media/images/image_rendersfront_60400_82d3e31b2451169d1e2d.png", "media/images/image_rendersfront_60400_027c81de58b27baa1cc3.png", "media/images/image_rendersfront_60400_be5d740b9bd76ddae420.png", "media/images/image_rendersfront_60400_93d817ad5d9c5f769fa1.png", "media/images/image_rendersfront_60400_f3395d5939523b1f3d57.png", "media/images/image_rendersfront_60400_9c56968855221db29f84.png", "media/images/image_rendersfront_60400_027c81de58b27baa1cc3.png", "media/images/image_rendersfront_60400_2976d2e9e7a7bdbcc15e.png", "media/images/image_rendersfront_60400_93d817ad5d9c5f769fa1.png", "media/images/image_rendersfront_60400_4a48fb1d07920b4a588b.png", "media/images/image_rendersfront_60400_dd01dfd9eebcbeb88854.png", "media/images/image_rendersfront_60400_d10c285a00aa94eb3b50.png", "media/images/image_rendersfront_60400_53f3509369e70b546c8c.png", "media/images/image_rendersfront_60400_1f2ed0313878978befbd.png", "media/images/image_rendersfront_60400_27123789df2ac6d5f4ab.png", "media/images/image_rendersfront_60400_e9f1b78071c92cd6cfab.png", "media/images/image_rendersfront_60400_e86fb844bd9f4ba4a28b.png", "media/images/image_rendersfront_60400_57ec50f6d7793ce15891.png", "media/images/image_rendersfront_60400_ddba276b5908984ee6da.png", "media/images/image_rendersfront_60400_e1d9cd4c4e8410414eb1.png"]}, "image_rendersfull": {"_type": "images/separated", "width": 512, "height": 512, "format": "png", "count": 24, "filenames": ["media/images/image_rendersfull_60400_20ccedd29a4c38ee0884.png", "media/images/image_rendersfull_60400_4b535870a8cc5a4424dc.png", "media/images/image_rendersfull_60400_0da57a49fefa99ac9fc8.png", "media/images/image_rendersfull_60400_b4aee1d060e0e74c4412.png", "media/images/image_rendersfull_60400_ae8f6fe2c5614a803a72.png", "media/images/image_rendersfull_60400_df65e3accbacc7a14801.png", "media/images/image_rendersfull_60400_70b30975ddeb4372a647.png", "media/images/image_rendersfull_60400_41fe0ae6c06e589b711c.png", "media/images/image_rendersfull_60400_3ca119365aafdc7ecdb7.png", "media/images/image_rendersfull_60400_a0ab8d3db8c3945b3ed6.png", "media/images/image_rendersfull_60400_df65e3accbacc7a14801.png", "media/images/image_rendersfull_60400_c956a025af0866357d5e.png", "media/images/image_rendersfull_60400_41fe0ae6c06e589b711c.png", "media/images/image_rendersfull_60400_2a462e0d5a74f023c815.png", "media/images/image_rendersfull_60400_a6c08ffb3c87a0851ee3.png", "media/images/image_rendersfull_60400_e36abec0555495ce1e03.png", "media/images/image_rendersfull_60400_6b362c9494fe603a74b1.png", "media/images/image_rendersfull_60400_73303c3f35de9b80465d.png", "media/images/image_rendersfull_60400_41f8ac97128e508ce9aa.png", "media/images/image_rendersfull_60400_865ab8b9a5c7a0c603ad.png", "media/images/image_rendersfull_60400_89c06e4e0bc24e3c5d70.png", "media/images/image_rendersfull_60400_3a54353acffc2ab2634f.png", "media/images/image_rendersfull_60400_8ff9077f9520ce906126.png", "media/images/image_rendersfull_60400_fbf1c2ec9bd13ddb5f7c.png"]}, "image_inverse": {"_type": "images/separated", "width": 512, "height": 512, "format": "png", "count": 24, "filenames": ["media/images/image_inverse_60400_26150dcbe785f574b29f.png", "media/images/image_inverse_60400_4b61666e5a54e9a381ce.png", "media/images/image_inverse_60400_df425120340b4b1ea1c3.png", "media/images/image_inverse_60400_408135d475709c9c73fc.png", "media/images/image_inverse_60400_c2641702cb9f3e9d3e10.png", "media/images/image_inverse_60400_6ccebe4ae8fd64bf7cb2.png", "media/images/image_inverse_60400_d7e5cadc4a0d41124555.png", "media/images/image_inverse_60400_57821c32c8d276907729.png", "media/images/image_inverse_60400_88df8c8309a5d239133e.png", "media/images/image_inverse_60400_c104bc768063e4cf5072.png", "media/images/image_inverse_60400_6ccebe4ae8fd64bf7cb2.png", "media/images/image_inverse_60400_a7a3ce9e7ad65a74f26d.png", "media/images/image_inverse_60400_57821c32c8d276907729.png", "media/images/image_inverse_60400_176af48e81f98012ac07.png", "media/images/image_inverse_60400_80a0eecf88e967e58d07.png", "media/images/image_inverse_60400_297a25c16dd134f8ec88.png", "media/images/image_inverse_60400_b568f1e854b6cf15cf0e.png", "media/images/image_inverse_60400_b2f7c3ac078358752e20.png", "media/images/image_inverse_60400_6c99b5870b3649f4ed10.png", "media/images/image_inverse_60400_f00488a5be555450f667.png", "media/images/image_inverse_60400_6a2c3a96287db1fce77e.png", "media/images/image_inverse_60400_9ebdbd42d8294ad46a26.png", "media/images/image_inverse_60400_9d847ac6c80e895ea7e0.png", "media/images/image_inverse_60400_b4e3cf489df7cf54ccde.png"]}, "image_beforeinverse": {"_type": "images/separated", "width": 512, "height": 512, "format": "png", "count": 24, "filenames": ["media/images/image_beforeinverse_60400_ec997ee3389266370c6e.png", "media/images/image_beforeinverse_60400_9de441938c44b71c181e.png", "media/images/image_beforeinverse_60400_a0581148b20f2428e7b3.png", "media/images/image_beforeinverse_60400_8bb21f0074a20ee32d66.png", "media/images/image_beforeinverse_60400_c2641702cb9f3e9d3e10.png", "media/images/image_beforeinverse_60400_6ccebe4ae8fd64bf7cb2.png", "media/images/image_beforeinverse_60400_d7e5cadc4a0d41124555.png", "media/images/image_beforeinverse_60400_57821c32c8d276907729.png", "media/images/image_beforeinverse_60400_88df8c8309a5d239133e.png", "media/images/image_beforeinverse_60400_c104bc768063e4cf5072.png", "media/images/image_beforeinverse_60400_6ccebe4ae8fd64bf7cb2.png", "media/images/image_beforeinverse_60400_a7a3ce9e7ad65a74f26d.png", "media/images/image_beforeinverse_60400_57821c32c8d276907729.png", "media/images/image_beforeinverse_60400_176af48e81f98012ac07.png", "media/images/image_beforeinverse_60400_80a0eecf88e967e58d07.png", "media/images/image_beforeinverse_60400_297a25c16dd134f8ec88.png", "media/images/image_beforeinverse_60400_b568f1e854b6cf15cf0e.png", "media/images/image_beforeinverse_60400_b2f7c3ac078358752e20.png", "media/images/image_beforeinverse_60400_6c99b5870b3649f4ed10.png", "media/images/image_beforeinverse_60400_f00488a5be555450f667.png", "media/images/image_beforeinverse_60400_6a2c3a96287db1fce77e.png", "media/images/image_beforeinverse_60400_9ebdbd42d8294ad46a26.png", "media/images/image_beforeinverse_60400_9d847ac6c80e895ea7e0.png", "media/images/image_beforeinverse_60400_b4e3cf489df7cf54ccde.png"]}, "_runtime": 451.20161724090576, "_step": 60400, "_wandb": {"runtime": 456}}