{"loss": 1.0211615562438965, "loss_inverse": 1.0211615562438965, "loss_alpha": 0.0, "num_points": 1407, "_timestamp": 1717384331.2543545, "image_rendersfront": {"_type": "images/separated", "width": 512, "height": 512, "format": "png", "count": 24, "filenames": ["media/images/image_rendersfront_10400_ed50fd58a44106603568.png", "media/images/image_rendersfront_10400_12cae3111a60ae08750b.png", "media/images/image_rendersfront_10400_651f248784c79dbdd6d4.png", "media/images/image_rendersfront_10400_4da56151242f8eea9e13.png", "media/images/image_rendersfront_10400_1c2f1f2e58dcc92d88df.png", "media/images/image_rendersfront_10400_7b49f228276e7dc890d3.png", "media/images/image_rendersfront_10400_651f248784c79dbdd6d4.png", "media/images/image_rendersfront_10400_ed50fd58a44106603568.png", "media/images/image_rendersfront_10400_add3579ee929dd9a9380.png", "media/images/image_rendersfront_10400_575ea6c001148fe542de.png", "media/images/image_rendersfront_10400_83340a5df9b9225bdf71.png", "media/images/image_rendersfront_10400_f9f70af9c40a220192f4.png", "media/images/image_rendersfront_10400_47304902593d61d01429.png", "media/images/image_rendersfront_10400_06313d05d2d6134f9748.png", "media/images/image_rendersfront_10400_9fe33e30dc282e421766.png", "media/images/image_rendersfront_10400_b20827c28442400141b0.png", "media/images/image_rendersfront_10400_711f4dcb5add5715f1aa.png", "media/images/image_rendersfront_10400_10019e82ff8384a1daab.png", "media/images/image_rendersfront_10400_f075d20d12fff79aef8a.png", "media/images/image_rendersfront_10400_22cd8485a5b2fb82ae4f.png", "media/images/image_rendersfront_10400_4f740901924342009b89.png", "media/images/image_rendersfront_10400_dcb60c77f48457eeb085.png", "media/images/image_rendersfront_10400_76b6acdd9b3da22e1c86.png", "media/images/image_rendersfront_10400_09d5657c5d9e53f71d32.png"]}, "image_rendersfull": {"_type": "images/separated", "width": 512, "height": 512, "format": "png", "count": 24, "filenames": ["media/images/image_rendersfull_10400_df54953021aaa984afff.png", "media/images/image_rendersfull_10400_d9c87d6a6d408e70a85a.png", "media/images/image_rendersfull_10400_464d27795397601ab19a.png", "media/images/image_rendersfull_10400_461e87f714ba9a9b272e.png", "media/images/image_rendersfull_10400_8cb24c0eeb896ad4dcbb.png", "media/images/image_rendersfull_10400_578fbfc9cd512a4f2436.png", "media/images/image_rendersfull_10400_464d27795397601ab19a.png", "media/images/image_rendersfull_10400_df54953021aaa984afff.png", "media/images/image_rendersfull_10400_390b870f86e37c6503cd.png", "media/images/image_rendersfull_10400_44b563689b10147978fc.png", "media/images/image_rendersfull_10400_33f2e1a519cb2f04bb20.png", "media/images/image_rendersfull_10400_328a2951281a4ae338a0.png", "media/images/image_rendersfull_10400_81ec1a0fee1272133d4d.png", "media/images/image_rendersfull_10400_96e97618b376ce223ad1.png", "media/images/image_rendersfull_10400_24b4b473d5e36bf79f2f.png", "media/images/image_rendersfull_10400_fb452f6b7434ecd8f959.png", "media/images/image_rendersfull_10400_f068649c8892fd583e62.png", "media/images/image_rendersfull_10400_9a896848aae1a887e6a2.png", "media/images/image_rendersfull_10400_e61f846feee081226867.png", "media/images/image_rendersfull_10400_accd8fe169f3a9fc03a3.png", "media/images/image_rendersfull_10400_6cb8357b9b55d0491aca.png", "media/images/image_rendersfull_10400_ba0e070c21658ed703f2.png", "media/images/image_rendersfull_10400_8ac499f95fa9335b793e.png", "media/images/image_rendersfull_10400_74ffae68eeedc9e279b4.png"]}, "image_inverse": {"_type": "images/separated", "width": 512, "height": 512, "format": "png", "count": 24, "filenames": ["media/images/image_inverse_10400_93770aceff98c9450c5b.png", "media/images/image_inverse_10400_a02bac5af52677a6fae4.png", "media/images/image_inverse_10400_eae91b9805f3ae28d37a.png", "media/images/image_inverse_10400_0b3cc70f5f8e6604ee49.png", "media/images/image_inverse_10400_90f84e3c9b8856d9e53c.png", "media/images/image_inverse_10400_07fcc8a2e857c9874abf.png", "media/images/image_inverse_10400_63b97d6765e7b833baae.png", "media/images/image_inverse_10400_484e9829501f0df0bd58.png", "media/images/image_inverse_10400_43a5c3971530482a945c.png", "media/images/image_inverse_10400_5aa39e67542b00638778.png", "media/images/image_inverse_10400_04145574ab53029edf08.png", "media/images/image_inverse_10400_706b5674e808cf46ec4d.png", "media/images/image_inverse_10400_5968dc765ee2a5967583.png", "media/images/image_inverse_10400_88d2767bc9cb34424a9c.png", "media/images/image_inverse_10400_1981620e11bf92d7d910.png", "media/images/image_inverse_10400_7408a9d299c5e57e28cc.png", "media/images/image_inverse_10400_db615a721104b6f95df4.png", "media/images/image_inverse_10400_07d9a9e4c32cf1aa208a.png", "media/images/image_inverse_10400_94d0dcc98b98889956b0.png", "media/images/image_inverse_10400_d9e5851ab1e36d0f58de.png", "media/images/image_inverse_10400_b5e5c6b5ee80850f36a2.png", "media/images/image_inverse_10400_f52f6951f8edba41bbb2.png", "media/images/image_inverse_10400_2435264dd9b29ce536d9.png", "media/images/image_inverse_10400_81bc512bc3721583020c.png"]}, "image_beforeinverse": {"_type": "images/separated", "width": 512, "height": 512, "format": "png", "count": 24, "filenames": ["media/images/image_beforeinverse_10400_484e9829501f0df0bd58.png", "media/images/image_beforeinverse_10400_98c2d334799870c85710.png", "media/images/image_beforeinverse_10400_63b97d6765e7b833baae.png", "media/images/image_beforeinverse_10400_e4be10e08201908703f8.png", "media/images/image_beforeinverse_10400_90f84e3c9b8856d9e53c.png", "media/images/image_beforeinverse_10400_07fcc8a2e857c9874abf.png", "media/images/image_beforeinverse_10400_63b97d6765e7b833baae.png", "media/images/image_beforeinverse_10400_484e9829501f0df0bd58.png", "media/images/image_beforeinverse_10400_43a5c3971530482a945c.png", "media/images/image_beforeinverse_10400_5aa39e67542b00638778.png", "media/images/image_beforeinverse_10400_04145574ab53029edf08.png", "media/images/image_beforeinverse_10400_706b5674e808cf46ec4d.png", "media/images/image_beforeinverse_10400_5968dc765ee2a5967583.png", "media/images/image_beforeinverse_10400_88d2767bc9cb34424a9c.png", "media/images/image_beforeinverse_10400_1981620e11bf92d7d910.png", "media/images/image_beforeinverse_10400_7408a9d299c5e57e28cc.png", "media/images/image_beforeinverse_10400_db615a721104b6f95df4.png", "media/images/image_beforeinverse_10400_07d9a9e4c32cf1aa208a.png", "media/images/image_beforeinverse_10400_94d0dcc98b98889956b0.png", "media/images/image_beforeinverse_10400_d9e5851ab1e36d0f58de.png", "media/images/image_beforeinverse_10400_b5e5c6b5ee80850f36a2.png", "media/images/image_beforeinverse_10400_f52f6951f8edba41bbb2.png", "media/images/image_beforeinverse_10400_2435264dd9b29ce536d9.png", "media/images/image_beforeinverse_10400_81bc512bc3721583020c.png"]}, "_runtime": 143.12368059158325, "_step": 20000, "_wandb": {"runtime": 144}}