{"loss": 21.1981258392334, "loss_inverse": 19.334671020507812, "loss_alpha": 1.8634556531906128, "num_points": 13104, "_timestamp": 1716268447.423588, "image_rendersfront": {"_type": "images/separated", "width": 512, "height": 512, "format": "png", "count": 24, "filenames": ["media/images/image_rendersfront_4300000_f34e7f5ae8b97b45e375.png", "media/images/image_rendersfront_4300000_943a2c587f9e0eeb2c7e.png", "media/images/image_rendersfront_4300000_afd76cc33dcadb5e04c8.png", "media/images/image_rendersfront_4300000_7be7b4a047630e4838e1.png", "media/images/image_rendersfront_4300000_7925fad17e3221628106.png", "media/images/image_rendersfront_4300000_bcc5a9931f118a300f98.png", "media/images/image_rendersfront_4300000_04118bbb113f84df5584.png", "media/images/image_rendersfront_4300000_cb9737f6819064ff91b4.png", "media/images/image_rendersfront_4300000_6ec13d7956a7f00ea876.png", "media/images/image_rendersfront_4300000_04118bbb113f84df5584.png", "media/images/image_rendersfront_4300000_d40eb09c91ba06666f6e.png", "media/images/image_rendersfront_4300000_73e0830a0375cf152f65.png", "media/images/image_rendersfront_4300000_4fc788d0b271a857648d.png", "media/images/image_rendersfront_4300000_af243a70534e32a08cd2.png", "media/images/image_rendersfront_4300000_fb85fb54310df3ca7b73.png", "media/images/image_rendersfront_4300000_22059bc3c02b8f3a3b70.png", "media/images/image_rendersfront_4300000_a25f8162652cf64833a9.png", "media/images/image_rendersfront_4300000_56fa1ce16a27ee6302be.png", "media/images/image_rendersfront_4300000_4442b30c6e3b7ce53df2.png", "media/images/image_rendersfront_4300000_6151c42718e1b6a46ac4.png", "media/images/image_rendersfront_4300000_ff77efb90002e7123633.png", "media/images/image_rendersfront_4300000_902b0017b3f954b7f7d7.png", "media/images/image_rendersfront_4300000_91dbeec607967a608bca.png", "media/images/image_rendersfront_4300000_e1c703c282c87363657e.png"]}, "image_rendersfull": {"_type": "images/separated", "width": 512, "height": 512, "format": "png", "count": 24, "filenames": ["media/images/image_rendersfull_4300000_354e79f32f2c83ccb27c.png", "media/images/image_rendersfull_4300000_d8a52a9a74840a526298.png", "media/images/image_rendersfull_4300000_aa7b8c605abb33638bfd.png", "media/images/image_rendersfull_4300000_89ae6c0f3b567ece57e4.png", "media/images/image_rendersfull_4300000_be03bae7d7139a2bf6c0.png", "media/images/image_rendersfull_4300000_4212922d2c0007b0b8b7.png", "media/images/image_rendersfull_4300000_3c4d3d9dff7122b75ffb.png", "media/images/image_rendersfull_4300000_a3042ffb797f72d7ae50.png", "media/images/image_rendersfull_4300000_4317841980b84a5aa9ed.png", "media/images/image_rendersfull_4300000_3c4d3d9dff7122b75ffb.png", "media/images/image_rendersfull_4300000_5cbc710797ec7026c5c6.png", "media/images/image_rendersfull_4300000_e91613b92ce198914418.png", "media/images/image_rendersfull_4300000_104ed8f88b8fa1e2a04a.png", "media/images/image_rendersfull_4300000_ad2ab22a8af334226f46.png", "media/images/image_rendersfull_4300000_415ba0dafc70f936d9e3.png", "media/images/image_rendersfull_4300000_8412ef07483923d1370e.png", "media/images/image_rendersfull_4300000_3f3a5187b04996cc3b0b.png", "media/images/image_rendersfull_4300000_d6bb2ab45aefb133d78a.png", "media/images/image_rendersfull_4300000_6032e2fd75d2d3f76ccb.png", "media/images/image_rendersfull_4300000_70452c5130bc3a959001.png", "media/images/image_rendersfull_4300000_09c0af41e2b02adca012.png", "media/images/image_rendersfull_4300000_662b318226830ce78488.png", "media/images/image_rendersfull_4300000_9f470781d870fbde11a3.png", "media/images/image_rendersfull_4300000_d60410100b5c097d6a03.png"]}, "image_inverse": {"_type": "images/separated", "width": 512, "height": 512, "format": "png", "count": 24, "filenames": ["media/images/image_inverse_4300000_f6d48fb7bc589da1e8d8.png", "media/images/image_inverse_4300000_4cf018142262ed101f31.png", "media/images/image_inverse_4300000_e4f30cd3d9d0bf8634a1.png", "media/images/image_inverse_4300000_e661e596f5c3decdd991.png", "media/images/image_inverse_4300000_be03bae7d7139a2bf6c0.png", "media/images/image_inverse_4300000_4212922d2c0007b0b8b7.png", "media/images/image_inverse_4300000_3c4d3d9dff7122b75ffb.png", "media/images/image_inverse_4300000_a3042ffb797f72d7ae50.png", "media/images/image_inverse_4300000_4317841980b84a5aa9ed.png", "media/images/image_inverse_4300000_3c4d3d9dff7122b75ffb.png", "media/images/image_inverse_4300000_5cbc710797ec7026c5c6.png", "media/images/image_inverse_4300000_e91613b92ce198914418.png", "media/images/image_inverse_4300000_104ed8f88b8fa1e2a04a.png", "media/images/image_inverse_4300000_ad2ab22a8af334226f46.png", "media/images/image_inverse_4300000_415ba0dafc70f936d9e3.png", "media/images/image_inverse_4300000_8412ef07483923d1370e.png", "media/images/image_inverse_4300000_3f3a5187b04996cc3b0b.png", "media/images/image_inverse_4300000_d6bb2ab45aefb133d78a.png", "media/images/image_inverse_4300000_6032e2fd75d2d3f76ccb.png", "media/images/image_inverse_4300000_70452c5130bc3a959001.png", "media/images/image_inverse_4300000_09c0af41e2b02adca012.png", "media/images/image_inverse_4300000_662b318226830ce78488.png", "media/images/image_inverse_4300000_9f470781d870fbde11a3.png", "media/images/image_inverse_4300000_d60410100b5c097d6a03.png"]}, "image_beforeinverse": {"_type": "images/separated", "width": 512, "height": 512, "format": "png", "count": 24, "filenames": ["media/images/image_beforeinverse_4300000_354e79f32f2c83ccb27c.png", "media/images/image_beforeinverse_4300000_d8a52a9a74840a526298.png", "media/images/image_beforeinverse_4300000_aa7b8c605abb33638bfd.png", "media/images/image_beforeinverse_4300000_89ae6c0f3b567ece57e4.png", "media/images/image_beforeinverse_4300000_be03bae7d7139a2bf6c0.png", "media/images/image_beforeinverse_4300000_4212922d2c0007b0b8b7.png", "media/images/image_beforeinverse_4300000_3c4d3d9dff7122b75ffb.png", "media/images/image_beforeinverse_4300000_a3042ffb797f72d7ae50.png", "media/images/image_beforeinverse_4300000_4317841980b84a5aa9ed.png", "media/images/image_beforeinverse_4300000_3c4d3d9dff7122b75ffb.png", "media/images/image_beforeinverse_4300000_5cbc710797ec7026c5c6.png", "media/images/image_beforeinverse_4300000_e91613b92ce198914418.png", "media/images/image_beforeinverse_4300000_104ed8f88b8fa1e2a04a.png", "media/images/image_beforeinverse_4300000_ad2ab22a8af334226f46.png", "media/images/image_beforeinverse_4300000_415ba0dafc70f936d9e3.png", "media/images/image_beforeinverse_4300000_8412ef07483923d1370e.png", "media/images/image_beforeinverse_4300000_3f3a5187b04996cc3b0b.png", "media/images/image_beforeinverse_4300000_d6bb2ab45aefb133d78a.png", "media/images/image_beforeinverse_4300000_6032e2fd75d2d3f76ccb.png", "media/images/image_beforeinverse_4300000_70452c5130bc3a959001.png", "media/images/image_beforeinverse_4300000_09c0af41e2b02adca012.png", "media/images/image_beforeinverse_4300000_662b318226830ce78488.png", "media/images/image_beforeinverse_4300000_9f470781d870fbde11a3.png", "media/images/image_beforeinverse_4300000_d60410100b5c097d6a03.png"]}, "_runtime": 38483.8504679203, "_step": 4300062, "_wandb": {"runtime": 38483}}