{"loss": 0.37681499123573303, "loss_inverse": 0.37681499123573303, "loss_alpha": 0.0, "num_points": 1407, "_timestamp": 1717402159.168538, "image_rendersfront": {"_type": "images/separated", "width": 512, "height": 512, "format": "png", "count": 24, "filenames": ["media/images/image_rendersfront_2580400_c78f06568abd09bdf254.png", "media/images/image_rendersfront_2580400_9edf6a0e86dfa2536699.png", "media/images/image_rendersfront_2580400_7a93bc074483f3b8915b.png", "media/images/image_rendersfront_2580400_180cfa1245bc87d7b49e.png", "media/images/image_rendersfront_2580400_a91a399bdb9885b7fb54.png", "media/images/image_rendersfront_2580400_bbcf7fdc194856f488cb.png", "media/images/image_rendersfront_2580400_8c4469992ae78d6cef6d.png", "media/images/image_rendersfront_2580400_fac234f3db76911f5ee6.png", "media/images/image_rendersfront_2580400_62f098dc2be4b4d52c86.png", "media/images/image_rendersfront_2580400_bb61470c8d9debcaaa19.png", "media/images/image_rendersfront_2580400_86a6027e829789982942.png", "media/images/image_rendersfront_2580400_7682e04ff2be5a2c9792.png", "media/images/image_rendersfront_2580400_c80f808ab4b90a2bb098.png", "media/images/image_rendersfront_2580400_4afd592944d697893c2b.png", "media/images/image_rendersfront_2580400_ac5267bd6e32f66e9210.png", "media/images/image_rendersfront_2580400_5ec3efb8a1dd960ffa40.png", "media/images/image_rendersfront_2580400_2145c8e0d0a76ebe9555.png", "media/images/image_rendersfront_2580400_49e43d5d940a7390ff15.png", "media/images/image_rendersfront_2580400_241138dd411cd785615d.png", "media/images/image_rendersfront_2580400_6c2e8b6e39b712d087bf.png", "media/images/image_rendersfront_2580400_c29e9d9b65963ca06299.png", "media/images/image_rendersfront_2580400_8fb781f96c0e00b7d3bd.png", "media/images/image_rendersfront_2580400_ab933aa3d6a64ce2e8d6.png", "media/images/image_rendersfront_2580400_f5588894d420b64225fa.png"]}, "image_rendersfull": {"_type": "images/separated", "width": 512, "height": 512, "format": "png", "count": 24, "filenames": ["media/images/image_rendersfull_2580400_f8268a9a67da6184d7ba.png", "media/images/image_rendersfull_2580400_5a872555f03a8d9fee7d.png", "media/images/image_rendersfull_2580400_0185d2f5933e3568c88f.png", "media/images/image_rendersfull_2580400_dfdfe6af57fe820fc60f.png", "media/images/image_rendersfull_2580400_844b34ed645c80bb832e.png", "media/images/image_rendersfull_2580400_c8f4a186ef6c7f7a1593.png", "media/images/image_rendersfull_2580400_d867ab3f5229b6b1d87d.png", "media/images/image_rendersfull_2580400_3e6191ae3a4a081d06ef.png", "media/images/image_rendersfull_2580400_bb3c66b96460b7413be3.png", "media/images/image_rendersfull_2580400_683f0260fb2bec5ef259.png", "media/images/image_rendersfull_2580400_30377c4060e10534eb14.png", "media/images/image_rendersfull_2580400_256568719f9e557bf3af.png", "media/images/image_rendersfull_2580400_4a2d35fa0bafcf7d00bc.png", "media/images/image_rendersfull_2580400_a213f149ee9a88363010.png", "media/images/image_rendersfull_2580400_a79b5c215e30d5c24dcb.png", "media/images/image_rendersfull_2580400_ca4218bff2e5dc3af24d.png", "media/images/image_rendersfull_2580400_b80d08cfa5e472fb793b.png", "media/images/image_rendersfull_2580400_163620273948e4286b0e.png", "media/images/image_rendersfull_2580400_fa86ad4bd6ab787edae3.png", "media/images/image_rendersfull_2580400_6f2fd1b535329aa43a88.png", "media/images/image_rendersfull_2580400_42dcd3dce57d59915bea.png", "media/images/image_rendersfull_2580400_7f7c48740b246d47da3f.png", "media/images/image_rendersfull_2580400_fcf3c41c853dec9ded6d.png", "media/images/image_rendersfull_2580400_ed06f7aaaebd8d889963.png"]}, "image_inverse": {"_type": "images/separated", "width": 512, "height": 512, "format": "png", "count": 24, "filenames": ["media/images/image_inverse_2580400_197c08dc3ba85ff83dbb.png", "media/images/image_inverse_2580400_fa2898537b88792d679f.png", "media/images/image_inverse_2580400_101b452aac314a7855bb.png", "media/images/image_inverse_2580400_908c084a1aa5cdefd48f.png", "media/images/image_inverse_2580400_4f7d25f2c16740958108.png", "media/images/image_inverse_2580400_9eaaf2f5e2ed3570c847.png", "media/images/image_inverse_2580400_2759b185fecaeea8ec9b.png", "media/images/image_inverse_2580400_84ba68d3e0742cc17eba.png", "media/images/image_inverse_2580400_8397ceec61c99042b23c.png", "media/images/image_inverse_2580400_cac918b8ac14dacbf333.png", "media/images/image_inverse_2580400_d4312428eaca43abc094.png", "media/images/image_inverse_2580400_c2b255949eba0dd54b5e.png", "media/images/image_inverse_2580400_30bbfa00e052682916db.png", "media/images/image_inverse_2580400_94db1a545b3d953d0847.png", "media/images/image_inverse_2580400_be325fa559b3d3cec879.png", "media/images/image_inverse_2580400_c1e896d2da83cadac6ab.png", "media/images/image_inverse_2580400_fa75e20df5b0aa703624.png", "media/images/image_inverse_2580400_a4b5fbe22fca1f3586f9.png", "media/images/image_inverse_2580400_3b9038a0b3df8222c85d.png", "media/images/image_inverse_2580400_856ef77ba9c2ac4e3d00.png", "media/images/image_inverse_2580400_33fea79a6fb975eb1564.png", "media/images/image_inverse_2580400_037ea42d8f965b42bf5c.png", "media/images/image_inverse_2580400_e77db0add1a28a5b1584.png", "media/images/image_inverse_2580400_646d178fc93704aea3e8.png"]}, "image_beforeinverse": {"_type": "images/separated", "width": 512, "height": 512, "format": "png", "count": 24, "filenames": ["media/images/image_beforeinverse_2580400_e793b8958f49d6791d39.png", "media/images/image_beforeinverse_2580400_97923134662781a756cf.png", "media/images/image_beforeinverse_2580400_d403326ae7bc93ded93c.png", "media/images/image_beforeinverse_2580400_1fa593c33d71316676d6.png", "media/images/image_beforeinverse_2580400_4f7d25f2c16740958108.png", "media/images/image_beforeinverse_2580400_9eaaf2f5e2ed3570c847.png", "media/images/image_beforeinverse_2580400_2759b185fecaeea8ec9b.png", "media/images/image_beforeinverse_2580400_84ba68d3e0742cc17eba.png", "media/images/image_beforeinverse_2580400_8397ceec61c99042b23c.png", "media/images/image_beforeinverse_2580400_cac918b8ac14dacbf333.png", "media/images/image_beforeinverse_2580400_d4312428eaca43abc094.png", "media/images/image_beforeinverse_2580400_c2b255949eba0dd54b5e.png", "media/images/image_beforeinverse_2580400_30bbfa00e052682916db.png", "media/images/image_beforeinverse_2580400_94db1a545b3d953d0847.png", "media/images/image_beforeinverse_2580400_be325fa559b3d3cec879.png", "media/images/image_beforeinverse_2580400_c1e896d2da83cadac6ab.png", "media/images/image_beforeinverse_2580400_fa75e20df5b0aa703624.png", "media/images/image_beforeinverse_2580400_a4b5fbe22fca1f3586f9.png", "media/images/image_beforeinverse_2580400_3b9038a0b3df8222c85d.png", "media/images/image_beforeinverse_2580400_856ef77ba9c2ac4e3d00.png", "media/images/image_beforeinverse_2580400_33fea79a6fb975eb1564.png", "media/images/image_beforeinverse_2580400_037ea42d8f965b42bf5c.png", "media/images/image_beforeinverse_2580400_e77db0add1a28a5b1584.png", "media/images/image_beforeinverse_2580400_646d178fc93704aea3e8.png"]}, "_runtime": 17627.501628160477, "_step": 2590000, "_wandb": {"runtime": 17628}}