{"loss": 2.024062156677246, "loss_inverse": 1.6838244199752808, "loss_alpha": 0.34023773670196533, "num_points": 1407, "_timestamp": 1717415741.1881788, "image_rendersfront": {"_type": "images/separated", "width": 512, "height": 512, "format": "png", "count": 24, "filenames": ["media/images/image_rendersfront_140000_bf2c664594834ae593ae.png", "media/images/image_rendersfront_140000_07f89c78e11ce8760e92.png", "media/images/image_rendersfront_140000_4dba93efbdf59d36088f.png", "media/images/image_rendersfront_140000_fbdeeecc1da09ef2cbf2.png", "media/images/image_rendersfront_140000_f1d9dcfb2e4227b5e999.png", "media/images/image_rendersfront_140000_ca5e11054dfe8d629d77.png", "media/images/image_rendersfront_140000_9d7edf680ee62d0dac6b.png", "media/images/image_rendersfront_140000_36625e2bae7913f2fbab.png", "media/images/image_rendersfront_140000_b705b21dce1ce9e948c0.png", "media/images/image_rendersfront_140000_e82ce7c73e4b20722b57.png", "media/images/image_rendersfront_140000_506e125a458ff7e23f93.png", "media/images/image_rendersfront_140000_b85f1f163d8020c9ea0d.png", "media/images/image_rendersfront_140000_15a1ecb2ae5afc3435de.png", "media/images/image_rendersfront_140000_a8209b21a36519050f51.png", "media/images/image_rendersfront_140000_b75dbbb62cc3ae637a36.png", "media/images/image_rendersfront_140000_03bb2aaeb700a75739f6.png", "media/images/image_rendersfront_140000_2aa957a9b9a1e3678f2c.png", "media/images/image_rendersfront_140000_8dc6b691b9d72631e040.png", "media/images/image_rendersfront_140000_dd8ba7afd1a7eb931176.png", "media/images/image_rendersfront_140000_707724e74eef5e78d17c.png", "media/images/image_rendersfront_140000_ace53a9d71b40ff77f3e.png", "media/images/image_rendersfront_140000_e2ced17cd08030390d4a.png", "media/images/image_rendersfront_140000_6e5eb5bd6a5a5b1a7ff0.png", "media/images/image_rendersfront_140000_bc83bea6b8d893a4d293.png"]}, "image_rendersfull": {"_type": "images/separated", "width": 512, "height": 512, "format": "png", "count": 24, "filenames": ["media/images/image_rendersfull_140000_457e9277c930f5a88ffd.png", "media/images/image_rendersfull_140000_aaaa8d74e05f21c051cd.png", "media/images/image_rendersfull_140000_7609a1804180c86b53c1.png", "media/images/image_rendersfull_140000_30a2100e274eb7bbab19.png", "media/images/image_rendersfull_140000_44a424bc816f8768f771.png", "media/images/image_rendersfull_140000_3532235e8f3c182e0a90.png", "media/images/image_rendersfull_140000_e0f2ac783dad09496548.png", "media/images/image_rendersfull_140000_355d6bbb09ee6aca49ce.png", "media/images/image_rendersfull_140000_8a2b2b387b6997ada0ae.png", "media/images/image_rendersfull_140000_c8324a62ca52c7962d00.png", "media/images/image_rendersfull_140000_faa979bcceff6765df7a.png", "media/images/image_rendersfull_140000_1e8c6f2088ace003d0c8.png", "media/images/image_rendersfull_140000_ab88152a0a57f2779026.png", "media/images/image_rendersfull_140000_7a19d381d62942edafc7.png", "media/images/image_rendersfull_140000_2d3ea166f0626348a0bc.png", "media/images/image_rendersfull_140000_daf068014844161caf21.png", "media/images/image_rendersfull_140000_887f4b02319e771ccd7a.png", "media/images/image_rendersfull_140000_02eb04c6e414940e51e8.png", "media/images/image_rendersfull_140000_258283b31a45a90ab66a.png", "media/images/image_rendersfull_140000_b2f8e4da939d177a1265.png", "media/images/image_rendersfull_140000_9dea7d0580a9b3212d31.png", "media/images/image_rendersfull_140000_afa4a1e91cb7dc0deced.png", "media/images/image_rendersfull_140000_4aef39c5ef32b785bd21.png", "media/images/image_rendersfull_140000_805f3001f6c97b9c1f8d.png"]}, "image_inverse": {"_type": "images/separated", "width": 512, "height": 512, "format": "png", "count": 24, "filenames": ["media/images/image_inverse_140000_bad300941502bbe22fb5.png", "media/images/image_inverse_140000_12e9bba43ff0be88369e.png", "media/images/image_inverse_140000_4af0b23c66b5d7b7d9d7.png", "media/images/image_inverse_140000_97d9788c0eaacc078ec1.png", "media/images/image_inverse_140000_44a424bc816f8768f771.png", "media/images/image_inverse_140000_3532235e8f3c182e0a90.png", "media/images/image_inverse_140000_e0f2ac783dad09496548.png", "media/images/image_inverse_140000_355d6bbb09ee6aca49ce.png", "media/images/image_inverse_140000_8a2b2b387b6997ada0ae.png", "media/images/image_inverse_140000_c8324a62ca52c7962d00.png", "media/images/image_inverse_140000_faa979bcceff6765df7a.png", "media/images/image_inverse_140000_1e8c6f2088ace003d0c8.png", "media/images/image_inverse_140000_ab88152a0a57f2779026.png", "media/images/image_inverse_140000_7a19d381d62942edafc7.png", "media/images/image_inverse_140000_2d3ea166f0626348a0bc.png", "media/images/image_inverse_140000_daf068014844161caf21.png", "media/images/image_inverse_140000_887f4b02319e771ccd7a.png", "media/images/image_inverse_140000_02eb04c6e414940e51e8.png", "media/images/image_inverse_140000_258283b31a45a90ab66a.png", "media/images/image_inverse_140000_b2f8e4da939d177a1265.png", "media/images/image_inverse_140000_9dea7d0580a9b3212d31.png", "media/images/image_inverse_140000_afa4a1e91cb7dc0deced.png", "media/images/image_inverse_140000_4aef39c5ef32b785bd21.png", "media/images/image_inverse_140000_805f3001f6c97b9c1f8d.png"]}, "image_beforeinverse": {"_type": "images/separated", "width": 512, "height": 512, "format": "png", "count": 24, "filenames": ["media/images/image_beforeinverse_140000_457e9277c930f5a88ffd.png", "media/images/image_beforeinverse_140000_aaaa8d74e05f21c051cd.png", "media/images/image_beforeinverse_140000_7609a1804180c86b53c1.png", "media/images/image_beforeinverse_140000_30a2100e274eb7bbab19.png", "media/images/image_beforeinverse_140000_44a424bc816f8768f771.png", "media/images/image_beforeinverse_140000_3532235e8f3c182e0a90.png", "media/images/image_beforeinverse_140000_e0f2ac783dad09496548.png", "media/images/image_beforeinverse_140000_355d6bbb09ee6aca49ce.png", "media/images/image_beforeinverse_140000_8a2b2b387b6997ada0ae.png", "media/images/image_beforeinverse_140000_c8324a62ca52c7962d00.png", "media/images/image_beforeinverse_140000_faa979bcceff6765df7a.png", "media/images/image_beforeinverse_140000_1e8c6f2088ace003d0c8.png", "media/images/image_beforeinverse_140000_ab88152a0a57f2779026.png", "media/images/image_beforeinverse_140000_7a19d381d62942edafc7.png", "media/images/image_beforeinverse_140000_2d3ea166f0626348a0bc.png", "media/images/image_beforeinverse_140000_daf068014844161caf21.png", "media/images/image_beforeinverse_140000_887f4b02319e771ccd7a.png", "media/images/image_beforeinverse_140000_02eb04c6e414940e51e8.png", "media/images/image_beforeinverse_140000_258283b31a45a90ab66a.png", "media/images/image_beforeinverse_140000_b2f8e4da939d177a1265.png", "media/images/image_beforeinverse_140000_9dea7d0580a9b3212d31.png", "media/images/image_beforeinverse_140000_afa4a1e91cb7dc0deced.png", "media/images/image_beforeinverse_140000_4aef39c5ef32b785bd21.png", "media/images/image_beforeinverse_140000_805f3001f6c97b9c1f8d.png"]}, "_runtime": 1046.1157207489014, "_step": 140176}