{"loss": 57.58749008178711, "loss_inverse": 41.37959289550781, "loss_alpha": 16.207897186279297, "num_points": 2713, "_timestamp": 1717406859.9418278, "image_rendersfront": {"_type": "images/separated", "width": 512, "height": 512, "format": "png", "count": 24, "filenames": ["media/images/image_rendersfront_10000_11c2ddc50f8f236c7428.png", "media/images/image_rendersfront_10000_95806b126d4a1e8073cb.png", "media/images/image_rendersfront_10000_d5319849119d6633153a.png", "media/images/image_rendersfront_10000_975ae556b4bdbcf5416b.png", "media/images/image_rendersfront_10000_16b391ec865d352a9db6.png", "media/images/image_rendersfront_10000_b1311970cdca71ec7d31.png", "media/images/image_rendersfront_10000_029fbe9d515be969cdad.png", "media/images/image_rendersfront_10000_029fbe9d515be969cdad.png", "media/images/image_rendersfront_10000_aae3e295eb82b2df0719.png", "media/images/image_rendersfront_10000_1f2f11cdcad5bb386823.png", "media/images/image_rendersfront_10000_96828ffe0487e9d4fc84.png", "media/images/image_rendersfront_10000_36c0f4a74c1e5dbe27dc.png", "media/images/image_rendersfront_10000_ce7ddc09495b13e11fed.png", "media/images/image_rendersfront_10000_db545355fe12ac9b98ba.png", "media/images/image_rendersfront_10000_ee5d6d4b4056008c2276.png", "media/images/image_rendersfront_10000_6bceb629b77bb6de94ec.png", "media/images/image_rendersfront_10000_afe07df0ba5d34bc86e9.png", "media/images/image_rendersfront_10000_26e7524cb7af9766c08c.png", "media/images/image_rendersfront_10000_97b8da44ebd9b81aa275.png", "media/images/image_rendersfront_10000_34d6d3baec5cbe4bfc86.png", "media/images/image_rendersfront_10000_97b8da44ebd9b81aa275.png", "media/images/image_rendersfront_10000_42142cb48a9b3546ff09.png", "media/images/image_rendersfront_10000_9cbd3fa37baa59348eb5.png", "media/images/image_rendersfront_10000_411603118ce8c12abace.png"]}, "image_rendersfull": {"_type": "images/separated", "width": 512, "height": 512, "format": "png", "count": 24, "filenames": ["media/images/image_rendersfull_10000_bc45651a43d1c8e381e5.png", "media/images/image_rendersfull_10000_bef83252568bd7a15166.png", "media/images/image_rendersfull_10000_fd4320bd9a3b3fb4e201.png", "media/images/image_rendersfull_10000_126ce52f4048afc25bc8.png", "media/images/image_rendersfull_10000_7088e9bf41484b0d7c79.png", "media/images/image_rendersfull_10000_9703f2f05e65fe9ed70e.png", "media/images/image_rendersfull_10000_6717ad4f669c19a4764c.png", "media/images/image_rendersfull_10000_6717ad4f669c19a4764c.png", "media/images/image_rendersfull_10000_989c655a4f7709b86be4.png", "media/images/image_rendersfull_10000_307f3627ac85ef618d48.png", "media/images/image_rendersfull_10000_1a5ff9d6a60319a966c4.png", "media/images/image_rendersfull_10000_1466621412a00171cee1.png", "media/images/image_rendersfull_10000_5fdf3d9f044c161b0f90.png", "media/images/image_rendersfull_10000_647f6035018495c7cbe1.png", "media/images/image_rendersfull_10000_b22170d11d7db2cd6b01.png", "media/images/image_rendersfull_10000_96b96173cea8f116d0e1.png", "media/images/image_rendersfull_10000_175dcac3d9e438f81694.png", "media/images/image_rendersfull_10000_215f1a0ce5550175875a.png", "media/images/image_rendersfull_10000_027adf4233e423098b72.png", "media/images/image_rendersfull_10000_d8e0ee0a1d61d8544c75.png", "media/images/image_rendersfull_10000_027adf4233e423098b72.png", "media/images/image_rendersfull_10000_dfd52a5c08504967e5de.png", "media/images/image_rendersfull_10000_8f7f7863cdb04cbf59fa.png", "media/images/image_rendersfull_10000_6063553845b3f12a09d8.png"]}, "image_inverse": {"_type": "images/separated", "width": 512, "height": 512, "format": "png", "count": 24, "filenames": ["media/images/image_inverse_10000_5ca61df21b220d861719.png", "media/images/image_inverse_10000_f56082d94af47eb217fd.png", "media/images/image_inverse_10000_6a6e90ad7486aa733c48.png", "media/images/image_inverse_10000_4a25d82f7a90e0521fe9.png", "media/images/image_inverse_10000_7088e9bf41484b0d7c79.png", "media/images/image_inverse_10000_9703f2f05e65fe9ed70e.png", "media/images/image_inverse_10000_6717ad4f669c19a4764c.png", "media/images/image_inverse_10000_6717ad4f669c19a4764c.png", "media/images/image_inverse_10000_989c655a4f7709b86be4.png", "media/images/image_inverse_10000_307f3627ac85ef618d48.png", "media/images/image_inverse_10000_1a5ff9d6a60319a966c4.png", "media/images/image_inverse_10000_1466621412a00171cee1.png", "media/images/image_inverse_10000_5fdf3d9f044c161b0f90.png", "media/images/image_inverse_10000_647f6035018495c7cbe1.png", "media/images/image_inverse_10000_b22170d11d7db2cd6b01.png", "media/images/image_inverse_10000_96b96173cea8f116d0e1.png", "media/images/image_inverse_10000_175dcac3d9e438f81694.png", "media/images/image_inverse_10000_215f1a0ce5550175875a.png", "media/images/image_inverse_10000_027adf4233e423098b72.png", "media/images/image_inverse_10000_d8e0ee0a1d61d8544c75.png", "media/images/image_inverse_10000_027adf4233e423098b72.png", "media/images/image_inverse_10000_dfd52a5c08504967e5de.png", "media/images/image_inverse_10000_8f7f7863cdb04cbf59fa.png", "media/images/image_inverse_10000_6063553845b3f12a09d8.png"]}, "image_beforeinverse": {"_type": "images/separated", "width": 512, "height": 512, "format": "png", "count": 24, "filenames": ["media/images/image_beforeinverse_10000_bc45651a43d1c8e381e5.png", "media/images/image_beforeinverse_10000_bef83252568bd7a15166.png", "media/images/image_beforeinverse_10000_fd4320bd9a3b3fb4e201.png", "media/images/image_beforeinverse_10000_126ce52f4048afc25bc8.png", "media/images/image_beforeinverse_10000_7088e9bf41484b0d7c79.png", "media/images/image_beforeinverse_10000_9703f2f05e65fe9ed70e.png", "media/images/image_beforeinverse_10000_6717ad4f669c19a4764c.png", "media/images/image_beforeinverse_10000_6717ad4f669c19a4764c.png", "media/images/image_beforeinverse_10000_989c655a4f7709b86be4.png", "media/images/image_beforeinverse_10000_307f3627ac85ef618d48.png", "media/images/image_beforeinverse_10000_1a5ff9d6a60319a966c4.png", "media/images/image_beforeinverse_10000_1466621412a00171cee1.png", "media/images/image_beforeinverse_10000_5fdf3d9f044c161b0f90.png", "media/images/image_beforeinverse_10000_647f6035018495c7cbe1.png", "media/images/image_beforeinverse_10000_b22170d11d7db2cd6b01.png", "media/images/image_beforeinverse_10000_96b96173cea8f116d0e1.png", "media/images/image_beforeinverse_10000_175dcac3d9e438f81694.png", "media/images/image_beforeinverse_10000_215f1a0ce5550175875a.png", "media/images/image_beforeinverse_10000_027adf4233e423098b72.png", "media/images/image_beforeinverse_10000_d8e0ee0a1d61d8544c75.png", "media/images/image_beforeinverse_10000_027adf4233e423098b72.png", "media/images/image_beforeinverse_10000_dfd52a5c08504967e5de.png", "media/images/image_beforeinverse_10000_8f7f7863cdb04cbf59fa.png", "media/images/image_beforeinverse_10000_6063553845b3f12a09d8.png"]}, "_runtime": 107.53453278541565, "_step": 10004, "_wandb": {"runtime": 107}}