{"loss": 0.5220006108283997, "loss_inverse": 0.5060604810714722, "loss_alpha": 0.015940111130475998, "num_points": 25036, "_timestamp": 1717406213.1630483, "image_rendersfront": {"_type": "images/separated", "width": 512, "height": 512, "format": "png", "count": 24, "filenames": ["media/images/image_rendersfront_3130400_52e1fc5ebdf0a81b0acd.png", "media/images/image_rendersfront_3130400_57a1d4ad9223b55ba36a.png", "media/images/image_rendersfront_3130400_44036a264e54c83d2b35.png", "media/images/image_rendersfront_3130400_da381929f7c4e9af45b6.png", "media/images/image_rendersfront_3130400_a3ed958af0d4ae5273f6.png", "media/images/image_rendersfront_3130400_cea5be01597dc0834183.png", "media/images/image_rendersfront_3130400_4d6f1d473340c4b76304.png", "media/images/image_rendersfront_3130400_11654cf1fd8171b763f4.png", "media/images/image_rendersfront_3130400_f0c00558710ed9d2c7a6.png", "media/images/image_rendersfront_3130400_cea5be01597dc0834183.png", "media/images/image_rendersfront_3130400_45753a8ba2b2c1c0dcee.png", "media/images/image_rendersfront_3130400_2594a0c78ce0a2b91653.png", "media/images/image_rendersfront_3130400_ab8aba15a4ea243b6910.png", "media/images/image_rendersfront_3130400_18a4c2e913ad1dbc09bf.png", "media/images/image_rendersfront_3130400_31a0d955deda38a63a8b.png", "media/images/image_rendersfront_3130400_ec2ddb6d6ecbfeec29ec.png", "media/images/image_rendersfront_3130400_abeed985dad1c165149f.png", "media/images/image_rendersfront_3130400_a6904bfdcd38cce5925b.png", "media/images/image_rendersfront_3130400_bbb0f58a8b9b3fa6a466.png", "media/images/image_rendersfront_3130400_8276fb8efa84d56eb7be.png", "media/images/image_rendersfront_3130400_4f0fbde29b120c258f1c.png", "media/images/image_rendersfront_3130400_451756645161ebe3f3b5.png", "media/images/image_rendersfront_3130400_42b1be61310b62538a9a.png", "media/images/image_rendersfront_3130400_70e3beef65ebfdd2dcf7.png"]}, "image_rendersfull": {"_type": "images/separated", "width": 512, "height": 512, "format": "png", "count": 24, "filenames": ["media/images/image_rendersfull_3130400_61eea0a45c7e4b6ba573.png", "media/images/image_rendersfull_3130400_ee765dc59991b3d37806.png", "media/images/image_rendersfull_3130400_969824762b25eb620efe.png", "media/images/image_rendersfull_3130400_b99de6c648c7cffd421d.png", "media/images/image_rendersfull_3130400_3f4a44e7c112f6781cc2.png", "media/images/image_rendersfull_3130400_095a1326bc74e73f92c7.png", "media/images/image_rendersfull_3130400_e68b9f714def127eb36f.png", "media/images/image_rendersfull_3130400_46a9dc671222429b995c.png", "media/images/image_rendersfull_3130400_8d609e18effc94252045.png", "media/images/image_rendersfull_3130400_095a1326bc74e73f92c7.png", "media/images/image_rendersfull_3130400_829b2e0e15650dcec0bb.png", "media/images/image_rendersfull_3130400_14c213f6bd110b6c649a.png", "media/images/image_rendersfull_3130400_a3726106a1d3c092e7ac.png", "media/images/image_rendersfull_3130400_3d8434c2830f77028beb.png", "media/images/image_rendersfull_3130400_d260b2eadd6942355d58.png", "media/images/image_rendersfull_3130400_c7aa45576511234b52df.png", "media/images/image_rendersfull_3130400_5587a4f703b8dc1ab407.png", "media/images/image_rendersfull_3130400_7d24e2dd351ca75eefe6.png", "media/images/image_rendersfull_3130400_5a9741e69f7341adf0d2.png", "media/images/image_rendersfull_3130400_dd367a27077d2a5468c0.png", "media/images/image_rendersfull_3130400_3d3c9bf5ec0f9da17963.png", "media/images/image_rendersfull_3130400_6768d36c7ce971692110.png", "media/images/image_rendersfull_3130400_fea020e3264e485b5dd6.png", "media/images/image_rendersfull_3130400_18298ef8393f7c363661.png"]}, "image_inverse": {"_type": "images/separated", "width": 512, "height": 512, "format": "png", "count": 24, "filenames": ["media/images/image_inverse_3130400_89804b85dcbb88438981.png", "media/images/image_inverse_3130400_e8f314f309e24224cda8.png", "media/images/image_inverse_3130400_5a829f6c5a44405a80fa.png", "media/images/image_inverse_3130400_6249316c8c671e02827f.png", "media/images/image_inverse_3130400_474233cce93d0117dcb3.png", "media/images/image_inverse_3130400_3eb543976ffe31370f7d.png", "media/images/image_inverse_3130400_77d524252db0bce06136.png", "media/images/image_inverse_3130400_088779af213c92db5200.png", "media/images/image_inverse_3130400_f61f2522032483d58f3c.png", "media/images/image_inverse_3130400_3eb543976ffe31370f7d.png", "media/images/image_inverse_3130400_0903c7feee3a0de90d1a.png", "media/images/image_inverse_3130400_b16695c684ca215e24c3.png", "media/images/image_inverse_3130400_a20806bc2c6d918f3674.png", "media/images/image_inverse_3130400_e69a8772656229802e11.png", "media/images/image_inverse_3130400_93b15e3466df4ddebae9.png", "media/images/image_inverse_3130400_7dc87e5588afdea8b91b.png", "media/images/image_inverse_3130400_8b37f65a1e15478576c0.png", "media/images/image_inverse_3130400_407028afbf76c29b26fb.png", "media/images/image_inverse_3130400_88b97884109bef86ff78.png", "media/images/image_inverse_3130400_25f39df07ebcd9f5959c.png", "media/images/image_inverse_3130400_274236412bd3f28ed24e.png", "media/images/image_inverse_3130400_1a39f76dfe1bf407d3ed.png", "media/images/image_inverse_3130400_31e7c101a9fa1d3b2eca.png", "media/images/image_inverse_3130400_b4673025a2162da52552.png"]}, "image_beforeinverse": {"_type": "images/separated", "width": 512, "height": 512, "format": "png", "count": 24, "filenames": ["media/images/image_beforeinverse_3130400_9ad4f76ca6899040d202.png", "media/images/image_beforeinverse_3130400_a4028cf6afe154059c8c.png", "media/images/image_beforeinverse_3130400_29ca62c482101248cd7c.png", "media/images/image_beforeinverse_3130400_e0b7f5d10dd80113b948.png", "media/images/image_beforeinverse_3130400_474233cce93d0117dcb3.png", "media/images/image_beforeinverse_3130400_3eb543976ffe31370f7d.png", "media/images/image_beforeinverse_3130400_77d524252db0bce06136.png", "media/images/image_beforeinverse_3130400_088779af213c92db5200.png", "media/images/image_beforeinverse_3130400_f61f2522032483d58f3c.png", "media/images/image_beforeinverse_3130400_3eb543976ffe31370f7d.png", "media/images/image_beforeinverse_3130400_0903c7feee3a0de90d1a.png", "media/images/image_beforeinverse_3130400_b16695c684ca215e24c3.png", "media/images/image_beforeinverse_3130400_a20806bc2c6d918f3674.png", "media/images/image_beforeinverse_3130400_e69a8772656229802e11.png", "media/images/image_beforeinverse_3130400_93b15e3466df4ddebae9.png", "media/images/image_beforeinverse_3130400_7dc87e5588afdea8b91b.png", "media/images/image_beforeinverse_3130400_8b37f65a1e15478576c0.png", "media/images/image_beforeinverse_3130400_407028afbf76c29b26fb.png", "media/images/image_beforeinverse_3130400_88b97884109bef86ff78.png", "media/images/image_beforeinverse_3130400_25f39df07ebcd9f5959c.png", "media/images/image_beforeinverse_3130400_274236412bd3f28ed24e.png", "media/images/image_beforeinverse_3130400_1a39f76dfe1bf407d3ed.png", "media/images/image_beforeinverse_3130400_31e7c101a9fa1d3b2eca.png", "media/images/image_beforeinverse_3130400_b4673025a2162da52552.png"]}, "_runtime": 19850.793926239014, "_step": 3130400, "_wandb": {"runtime": 19851}}