{"loss": 1.8342338800430298, "loss_inverse": 1.592496395111084, "loss_alpha": 0.2417374551296234, "num_points": 25008, "_timestamp": 1717414657.2858133, "image_rendersfront": {"_type": "images/separated", "width": 512, "height": 512, "format": "png", "count": 24, "filenames": ["media/images/image_rendersfront_1100000_f4f856673e1eb088bb15.png", "media/images/image_rendersfront_1100000_fe5c910e257c2c6c8dbc.png", "media/images/image_rendersfront_1100000_9c41c3291d44ae709dc5.png", "media/images/image_rendersfront_1100000_83cc6661f6457893cd15.png", "media/images/image_rendersfront_1100000_1c75e4dba7d2ab650743.png", "media/images/image_rendersfront_1100000_fc977f27c6da8ccba22f.png", "media/images/image_rendersfront_1100000_68821890639bb14e9f74.png", "media/images/image_rendersfront_1100000_68821890639bb14e9f74.png", "media/images/image_rendersfront_1100000_2f96c94957c0e1196f8f.png", "media/images/image_rendersfront_1100000_ffbc6c9778e3fb00c0ec.png", "media/images/image_rendersfront_1100000_778df87569bbfea1a190.png", "media/images/image_rendersfront_1100000_d03ff2a9e368e3051298.png", "media/images/image_rendersfront_1100000_3e2091343e1a34593ad9.png", "media/images/image_rendersfront_1100000_d1b016c1bd9e47315361.png", "media/images/image_rendersfront_1100000_087bb2be6d3c5061e73d.png", "media/images/image_rendersfront_1100000_b5424c1d5d5e8e5b6712.png", "media/images/image_rendersfront_1100000_35dc75c881de3e8fe616.png", "media/images/image_rendersfront_1100000_ece4ab1ad4f636401f9c.png", "media/images/image_rendersfront_1100000_6c12d35b6dcfb4fe18ca.png", "media/images/image_rendersfront_1100000_3f6ab68aaf3a6b2b845d.png", "media/images/image_rendersfront_1100000_dd56b945520dbc87dfb6.png", "media/images/image_rendersfront_1100000_ede0ae4a1464461241f0.png", "media/images/image_rendersfront_1100000_ed7124ed1ca87c4c5fb2.png", "media/images/image_rendersfront_1100000_b0bd0406fa89651197b7.png"]}, "image_rendersfull": {"_type": "images/separated", "width": 512, "height": 512, "format": "png", "count": 24, "filenames": ["media/images/image_rendersfull_1100000_f51934f6017a2851af50.png", "media/images/image_rendersfull_1100000_cf6c150a2945c1fac21a.png", "media/images/image_rendersfull_1100000_fa4883df304dfcf92fc2.png", "media/images/image_rendersfull_1100000_a76fd8668c967866c4aa.png", "media/images/image_rendersfull_1100000_1d98f0b46c729202168e.png", "media/images/image_rendersfull_1100000_668eb9740f5470dc78c0.png", "media/images/image_rendersfull_1100000_48284c66fa8e6a39e7b6.png", "media/images/image_rendersfull_1100000_48284c66fa8e6a39e7b6.png", "media/images/image_rendersfull_1100000_0de8dce0c010d445fcae.png", "media/images/image_rendersfull_1100000_72d458f13fa930246b1c.png", "media/images/image_rendersfull_1100000_471d9f3a1a5206ada732.png", "media/images/image_rendersfull_1100000_80d0d32fbd7f5c198c5c.png", "media/images/image_rendersfull_1100000_529a8a9cd905295c9dba.png", "media/images/image_rendersfull_1100000_6dd64692947a2746f715.png", "media/images/image_rendersfull_1100000_ef8ec926092da5e0da26.png", "media/images/image_rendersfull_1100000_3a031b24bd07505ca841.png", "media/images/image_rendersfull_1100000_6bcecc5671198585afa9.png", "media/images/image_rendersfull_1100000_086425d2643b364c8b7b.png", "media/images/image_rendersfull_1100000_2bfb800b52cfd2c38914.png", "media/images/image_rendersfull_1100000_adb31020a578f9df4257.png", "media/images/image_rendersfull_1100000_a150d7ab3a35f61f848f.png", "media/images/image_rendersfull_1100000_bf52c1537637cb374245.png", "media/images/image_rendersfull_1100000_8f15cef2acf77624dee5.png", "media/images/image_rendersfull_1100000_d4d13355b1f6f8629619.png"]}, "image_inverse": {"_type": "images/separated", "width": 512, "height": 512, "format": "png", "count": 24, "filenames": ["media/images/image_inverse_1100000_6fb294c85ebe1c498cda.png", "media/images/image_inverse_1100000_01bc78a627004a03a913.png", "media/images/image_inverse_1100000_dcce77826addc0a17603.png", "media/images/image_inverse_1100000_e59209166798ad5f2b1f.png", "media/images/image_inverse_1100000_1d98f0b46c729202168e.png", "media/images/image_inverse_1100000_668eb9740f5470dc78c0.png", "media/images/image_inverse_1100000_48284c66fa8e6a39e7b6.png", "media/images/image_inverse_1100000_48284c66fa8e6a39e7b6.png", "media/images/image_inverse_1100000_0de8dce0c010d445fcae.png", "media/images/image_inverse_1100000_72d458f13fa930246b1c.png", "media/images/image_inverse_1100000_471d9f3a1a5206ada732.png", "media/images/image_inverse_1100000_80d0d32fbd7f5c198c5c.png", "media/images/image_inverse_1100000_529a8a9cd905295c9dba.png", "media/images/image_inverse_1100000_6dd64692947a2746f715.png", "media/images/image_inverse_1100000_ef8ec926092da5e0da26.png", "media/images/image_inverse_1100000_3a031b24bd07505ca841.png", "media/images/image_inverse_1100000_6bcecc5671198585afa9.png", "media/images/image_inverse_1100000_086425d2643b364c8b7b.png", "media/images/image_inverse_1100000_2bfb800b52cfd2c38914.png", "media/images/image_inverse_1100000_adb31020a578f9df4257.png", "media/images/image_inverse_1100000_a150d7ab3a35f61f848f.png", "media/images/image_inverse_1100000_bf52c1537637cb374245.png", "media/images/image_inverse_1100000_8f15cef2acf77624dee5.png", "media/images/image_inverse_1100000_d4d13355b1f6f8629619.png"]}, "image_beforeinverse": {"_type": "images/separated", "width": 512, "height": 512, "format": "png", "count": 24, "filenames": ["media/images/image_beforeinverse_1100000_f51934f6017a2851af50.png", "media/images/image_beforeinverse_1100000_cf6c150a2945c1fac21a.png", "media/images/image_beforeinverse_1100000_fa4883df304dfcf92fc2.png", "media/images/image_beforeinverse_1100000_a76fd8668c967866c4aa.png", "media/images/image_beforeinverse_1100000_1d98f0b46c729202168e.png", "media/images/image_beforeinverse_1100000_668eb9740f5470dc78c0.png", "media/images/image_beforeinverse_1100000_48284c66fa8e6a39e7b6.png", "media/images/image_beforeinverse_1100000_48284c66fa8e6a39e7b6.png", "media/images/image_beforeinverse_1100000_0de8dce0c010d445fcae.png", "media/images/image_beforeinverse_1100000_72d458f13fa930246b1c.png", "media/images/image_beforeinverse_1100000_471d9f3a1a5206ada732.png", "media/images/image_beforeinverse_1100000_80d0d32fbd7f5c198c5c.png", "media/images/image_beforeinverse_1100000_529a8a9cd905295c9dba.png", "media/images/image_beforeinverse_1100000_6dd64692947a2746f715.png", "media/images/image_beforeinverse_1100000_ef8ec926092da5e0da26.png", "media/images/image_beforeinverse_1100000_3a031b24bd07505ca841.png", "media/images/image_beforeinverse_1100000_6bcecc5671198585afa9.png", "media/images/image_beforeinverse_1100000_086425d2643b364c8b7b.png", "media/images/image_beforeinverse_1100000_2bfb800b52cfd2c38914.png", "media/images/image_beforeinverse_1100000_adb31020a578f9df4257.png", "media/images/image_beforeinverse_1100000_a150d7ab3a35f61f848f.png", "media/images/image_beforeinverse_1100000_bf52c1537637cb374245.png", "media/images/image_beforeinverse_1100000_8f15cef2acf77624dee5.png", "media/images/image_beforeinverse_1100000_d4d13355b1f6f8629619.png"]}, "_runtime": 7768.666320323944, "_step": 1100200, "_wandb": {"runtime": 7774}}