{"loss": 1.8079783916473389, "loss_inverse": 1.4008092880249023, "loss_alpha": 0.4071691334247589, "num_points": 11151, "_timestamp": 1717407235.4327128, "image_rendersfront": {"_type": "images/separated", "width": 512, "height": 512, "format": "png", "count": 24, "filenames": ["media/images/image_rendersfront_40200_45e2e547c9d6193d0d71.png", "media/images/image_rendersfront_40200_ebbcfe6a666ef108c89e.png", "media/images/image_rendersfront_40200_7128a6a3e4bcb4abad33.png", "media/images/image_rendersfront_40200_fe6b75174f79afcb90d3.png", "media/images/image_rendersfront_40200_53db225e8fc9baf420ed.png", "media/images/image_rendersfront_40200_de6c177a3ebfab152133.png", "media/images/image_rendersfront_40200_126b582d284973e910fc.png", "media/images/image_rendersfront_40200_22630e456c798e1a1697.png", "media/images/image_rendersfront_40200_c717380c35d179b6c0eb.png", "media/images/image_rendersfront_40200_c27ea56a81291f2aae7b.png", "media/images/image_rendersfront_40200_97748155c4115967d98b.png", "media/images/image_rendersfront_40200_64b26b4d62e08ec0c47e.png", "media/images/image_rendersfront_40200_4c6ca9188997c2bd8767.png", "media/images/image_rendersfront_40200_28fe7a8b48a5ea8ff52c.png", "media/images/image_rendersfront_40200_f53c162478123f5d725d.png", "media/images/image_rendersfront_40200_d69cbb519468e8d07a09.png", "media/images/image_rendersfront_40200_055ec8bfeee0a98bc140.png", "media/images/image_rendersfront_40200_efacd3e7498765170c51.png", "media/images/image_rendersfront_40200_e0f1d3bf816c93d809f6.png", "media/images/image_rendersfront_40200_8637bc26e355748759be.png", "media/images/image_rendersfront_40200_aaf6e4a002236f383026.png", "media/images/image_rendersfront_40200_acaf693f40ce225518e5.png", "media/images/image_rendersfront_40200_8c448dd00301dd66a15e.png", "media/images/image_rendersfront_40200_444815c7520aeb3542ae.png"]}, "image_rendersfull": {"_type": "images/separated", "width": 512, "height": 512, "format": "png", "count": 24, "filenames": ["media/images/image_rendersfull_40200_f177ab9de3cb469298fe.png", "media/images/image_rendersfull_40200_8084671da9fb2a05ea86.png", "media/images/image_rendersfull_40200_75e7ca95416a9445cb2a.png", "media/images/image_rendersfull_40200_5ecf6574a82c5b0bba40.png", "media/images/image_rendersfull_40200_6619eacc417f4eec84c6.png", "media/images/image_rendersfull_40200_fa06de7ffd21b2f48ac6.png", "media/images/image_rendersfull_40200_7779dd5f7cb62887abb6.png", "media/images/image_rendersfull_40200_8152aa8f1c27aeee0128.png", "media/images/image_rendersfull_40200_b4e4660a7b8082566d15.png", "media/images/image_rendersfull_40200_8c3bb64042b91eeffda0.png", "media/images/image_rendersfull_40200_77bd328d08546d29b57f.png", "media/images/image_rendersfull_40200_3385e8f07fb18fbbf597.png", "media/images/image_rendersfull_40200_f7a13a41d380bd7e0161.png", "media/images/image_rendersfull_40200_6f72cc87d15701d3d785.png", "media/images/image_rendersfull_40200_95e503b2e59e08970fe7.png", "media/images/image_rendersfull_40200_f014740a1747fa1dc734.png", "media/images/image_rendersfull_40200_c40929fbf6fdc467c9d1.png", "media/images/image_rendersfull_40200_66959c6daf9d97d61ad1.png", "media/images/image_rendersfull_40200_de97200f1074a68c0c43.png", "media/images/image_rendersfull_40200_0cb72e4d413406fcb798.png", "media/images/image_rendersfull_40200_3265b76bc99be0e9991d.png", "media/images/image_rendersfull_40200_9e1c2b0919ba852412b6.png", "media/images/image_rendersfull_40200_7b16a59be005ff57c107.png", "media/images/image_rendersfull_40200_8bf376f5f94c791e7e9b.png"]}, "image_inverse": {"_type": "images/separated", "width": 512, "height": 512, "format": "png", "count": 24, "filenames": ["media/images/image_inverse_40200_30c0f2ea3117f66811bb.png", "media/images/image_inverse_40200_374ec677a8c6bd7d716b.png", "media/images/image_inverse_40200_86143aa3ef7c52d8ad71.png", "media/images/image_inverse_40200_22bae19dc474542dcbb1.png", "media/images/image_inverse_40200_76061abfb6299e18a958.png", "media/images/image_inverse_40200_e59ab5618efea4bdcd1f.png", "media/images/image_inverse_40200_e72842d7c1bde95423bb.png", "media/images/image_inverse_40200_4f5b760a40cae511dfe3.png", "media/images/image_inverse_40200_ce6e3c0db54fd151fd50.png", "media/images/image_inverse_40200_6f08bede9ca92f3b8de8.png", "media/images/image_inverse_40200_a57b79056ccd0407d2d5.png", "media/images/image_inverse_40200_573f3af16357521bde6a.png", "media/images/image_inverse_40200_146a81e59b35862e0662.png", "media/images/image_inverse_40200_2af0116c40ee727b1b28.png", "media/images/image_inverse_40200_61086301a8a4632994b9.png", "media/images/image_inverse_40200_b1dac52dd8147096d7b5.png", "media/images/image_inverse_40200_381b5f60ec9f8f88f30c.png", "media/images/image_inverse_40200_5b5dcec8d496a7029428.png", "media/images/image_inverse_40200_0222b41b87e918408a8f.png", "media/images/image_inverse_40200_51133e94d6e3fbdf514e.png", "media/images/image_inverse_40200_50199ebca73a01562a0d.png", "media/images/image_inverse_40200_c71d5d5e287abfa70396.png", "media/images/image_inverse_40200_2b02e848a9a15fa7550d.png", "media/images/image_inverse_40200_a545a3ee2b38648a7d6b.png"]}, "image_beforeinverse": {"_type": "images/separated", "width": 512, "height": 512, "format": "png", "count": 24, "filenames": ["media/images/image_beforeinverse_40200_590378a145e0eb7d1931.png", "media/images/image_beforeinverse_40200_99b362b1a537e20ea82b.png", "media/images/image_beforeinverse_40200_8f19e9cb8a243bf7b19c.png", "media/images/image_beforeinverse_40200_cbbcc72a034f479fc0e2.png", "media/images/image_beforeinverse_40200_76061abfb6299e18a958.png", "media/images/image_beforeinverse_40200_e59ab5618efea4bdcd1f.png", "media/images/image_beforeinverse_40200_e72842d7c1bde95423bb.png", "media/images/image_beforeinverse_40200_4f5b760a40cae511dfe3.png", "media/images/image_beforeinverse_40200_ce6e3c0db54fd151fd50.png", "media/images/image_beforeinverse_40200_6f08bede9ca92f3b8de8.png", "media/images/image_beforeinverse_40200_a57b79056ccd0407d2d5.png", "media/images/image_beforeinverse_40200_573f3af16357521bde6a.png", "media/images/image_beforeinverse_40200_146a81e59b35862e0662.png", "media/images/image_beforeinverse_40200_2af0116c40ee727b1b28.png", "media/images/image_beforeinverse_40200_61086301a8a4632994b9.png", "media/images/image_beforeinverse_40200_b1dac52dd8147096d7b5.png", "media/images/image_beforeinverse_40200_381b5f60ec9f8f88f30c.png", "media/images/image_beforeinverse_40200_5b5dcec8d496a7029428.png", "media/images/image_beforeinverse_40200_0222b41b87e918408a8f.png", "media/images/image_beforeinverse_40200_51133e94d6e3fbdf514e.png", "media/images/image_beforeinverse_40200_50199ebca73a01562a0d.png", "media/images/image_beforeinverse_40200_c71d5d5e287abfa70396.png", "media/images/image_beforeinverse_40200_2b02e848a9a15fa7550d.png", "media/images/image_beforeinverse_40200_a545a3ee2b38648a7d6b.png"]}, "_runtime": 346.8132197856903, "_step": 40212}